,date,NVDA open,AMD open,INTC open,ATVI open,EA open,Curde oil,Gold,Nasdaq index,ETH-USD open,BTC-USD open
0,15-Oct-21,218.1,112.51,54.2,76.5,135.85,81.48,1794.5,14891.24,3790.15,57345.9
1,14-Oct-21,212.88,110.5,52.9,75.94,136.72,80.59,1792.2,14717.5,3604.96,57372.83
2,13-Oct-21,209.18,106.28,52.38,75.34,136.96,80.58,1760.8,14537.17,3492.75,56038.26
3,12-Oct-21,208.28,105.17,53.57,76.45,139.53,80.5,1751.9,14539.09,3546.48,57526.83
4,11-Oct-21,205.75,104.62,53.81,77.74,139.92,79.59,1756.6,14540.08,3419.73,54734.13
5,8-Oct-21,211.01,106.55,54.55,77.76,137.48,78.86,1757.0,14694.72,3587.83,53802.14
6,7-Oct-21,210.92,104.6,54.32,77.27,134.76,77.0,1762.4,14631.8,3576.81,55338.63
7,6-Oct-21,201.2,100.45,53.48,75.93,143.58,79.04,1759.3,14289.45,3516.57,51486.66
8,5-Oct-21,199.5,100.92,53.55,77.25,143.13,77.58,1764.3,14312.86,3381.78,49174.96
9,4-Oct-21,205.04,101.74,53.93,78.19,143.36,75.9,1764.5,14493.12,3418.78,48208.91
10,1-Oct-21,207.5,102.6,53.65,78.06,141.9,75.12,1754.3,14494.93,3001.13,43816.74
11,30-Sep-21,207.68,102.08,53.76,77.56,139.31,74.78,1725.5,14582.6,2852.56,41551.27
12,29-Sep-21,209.4,102.3,54.0,76.53,133.85,74.38,1732.4,14614.88,2809.3,41064.98
13,28-Sep-21,212.14,106.84,54.18,74.66,131.86,75.43,1739.6,14787.21,2928.96,42200.9
14,27-Sep-21,217.1,105.07,53.94,75.03,129.27,74.19,1751.7,14954.18,3065.84,43234.18
15,24-Sep-21,220.7,105.19,53.78,74.5,127.04,73.24,1749.7,14961.61,3154.56,44894.3
16,23-Sep-21,221.4,104.89,53.75,73.13,126.99,71.97,1766.8,14960.0,3077.97,43560.3
17,22-Sep-21,213.66,102.82,53.4,73.19,126.19,70.85,1776.7,14800.59,2763.21,40677.95
18,21-Sep-21,214.17,102.15,53.2,76.61,130.01,70.59,1762.2,14803.36,2977.31,43012.23
19,20-Sep-21,211.46,101.58,53.21,78.64,131.98,71.92,1751.8,14758.14,3329.67,47261.41
20,17-Sep-21,223.0,105.56,54.59,79.42,135.17,72.62,1758.8,15163.36,3569.57,47771.0
21,16-Sep-21,221.83,104.92,54.86,78.32,137.91,72.65,1792.9,15120.09,3613.07,48158.91
22,15-Sep-21,223.09,106.0,54.67,77.73,142.15,70.76,1803.7,15071.34,3431.22,47098.0
23,14-Sep-21,222.75,105.52,55.37,78.78,145.22,70.64,1791.4,15168.45,3286.32,44960.05
24,13-Sep-21,226.84,105.26,54.61,80.12,145.41,69.74,1789.8,15211.43,3407.47,46057.21
25,10-Sep-21,223.48,106.99,53.85,78.16,142.02,67.97,1789.6,15332.92,3425.56,46396.66
26,9-Sep-21,223.12,106.56,53.66,78.81,143.27,69.36,1798.7,15296.06,3452.55,45774.74
27,8-Sep-21,225.13,108.88,53.73,78.47,145.76,68.37,1781.7,15360.35,3428.38,46827.76
28,7-Sep-21,228.33,109.96,53.57,81.41,147.09,69.11,1825.7,15375.98,3926.53,52660.48
29,3-Sep-21,223.25,108.85,53.44,81.21,144.96,69.76,1820.9,15313.41,3787.49,49288.25
30,2-Sep-21,225.18,110.32,53.8,82.75,146.87,68.29,1813.2,15358.47,3825.03,48807.85
31,1-Sep-21,224.85,111.3,54.11,82.73,145.34,68.55,1813.5,15308.98,3430.76,47099.77
32,31-Aug-21,226.95,111.26,54.44,81.48,143.66,69.18,1815.9,15262.88,3227.76,47024.34
33,30-Aug-21,228.3,112.61,54.26,81.5,142.2,69.3,1818.2,15165.94,3227.19,48834.85
34,27-Aug-21,221.84,108.01,53.36,81.45,141.52,67.75,1803.4,14969.77,3096.41,46894.55
35,26-Aug-21,222.0,108.57,53.75,81.59,141.98,68.0,1787.4,15025.17,3228.75,49002.64
36,25-Aug-21,217.37,108.13,54.08,82.12,142.77,67.63,1792.0,15039.03,3174.27,47727.26
37,24-Aug-21,217.53,109.45,53.56,82.75,143.16,65.54,1801.0,14978.14,3324.86,49562.35
38,23-Aug-21,209.71,105.3,52.59,82.93,140.15,61.96,1776.8,14776.98,3241.36,49291.68
39,20-Aug-21,199.91,104.32,52.16,82.87,140.92,64.05,1784.1,14571.53,3182.16,46723.12
40,19-Aug-21,194.94,103.32,52.05,82.21,139.38,64.58,1780.0,14423.16,3019.13,44741.88
41,18-Aug-21,195.0,107.35,52.6,83.6,140.94,66.58,1787.8,14636.24,3011.96,44686.75
42,17-Aug-21,196.85,106.64,53.17,83.05,139.17,67.43,1787.7,14670.56,3149.38,45936.46
43,16-Aug-21,201.35,110.2,53.23,83.5,137.96,68.13,1776.9,14771.53,3309.42,47019.96
44,13-Aug-21,199.05,107.17,53.5,86.3,138.94,68.91,1758.3,14825.07,3049.0,44439.69
45,12-Aug-21,198.7,107.39,54.17,85.11,138.11,69.36,1749.7,14751.36,3164.18,45576.88
46,11-Aug-21,200.43,107.6,54.26,83.51,137.92,68.51,1727.3,14834.38,3142.83,45599.7
47,10-Aug-21,203.22,107.9,54.24,81.76,136.11,66.85,1728.6,14887.75,3163.05,46280.85
48,9-Aug-21,204.46,111.31,54.08,81.86,136.71,67.88,1753.5,14855.76,3012.89,43791.93
49,6-Aug-21,205.24,110.55,53.86,79.9,136.47,69.14,1799.8,14864.22,2827.5,40865.87
50,5-Aug-21,205.0,116.63,53.99,81.56,144.83,68.06,1810.8,14794.08,2725.67,39744.52
51,4-Aug-21,199.9,114.36,54.25,83.51,139.52,70.32,1809.3,14747.21,2508.54,38213.33
52,3-Aug-21,197.4,108.15,53.89,80.99,142.64,71.52,1812.3,14713.99,2609.41,39178.4
53,2-Aug-21,197.0,105.93,53.99,84.03,145.0,73.91,1812.4,14758.6,2557.77,39907.26
54,30-Jul-21,194.18,101.6,53.65,83.15,142.84,73.41,1828.0,14615.85,2382.55,40027.48
55,29-Jul-21,195.19,96.58,53.48,84.87,143.95,72.4,1806.6,14771.17,2299.01,39995.45
56,28-Jul-21,193.19,93.44,53.03,84.89,142.35,71.9,1799.5,14715.66,2302.08,39503.19
57,27-Jul-21,192.65,92.94,53.12,89.94,145.06,72.22,1803.7,14807.95,2230.2,37276.04
58,26-Jul-21,193.11,92.01,52.81,91.03,145.12,72.18,1802.5,14821.03,2191.31,35384.03
59,23-Jul-21,196.56,91.35,54.58,90.66,142.65,71.71,1800.0,14753.06,2025.11,32305.96
60,22-Jul-21,196.42,89.4,56.06,90.39,140.07,70.22,1793.6,14652.72,1994.82,32138.87
61,21-Jul-21,188.82,87.25,55.18,91.78,143.89,66.45,1807.0,14508.75,1786.28,29796.29
62,20-Jul-21,187.3,87.09,54.92,90.62,141.35,66.6,1812.9,14330.46,1819.08,30838.29
63,19-Jul-21,179.15,84.99,54.41,91.75,143.05,71.49,1803.3,14235.98,1893.05,31800.01
64,16-Jul-21,190.3,87.32,56.05,90.87,142.63,71.48,1830.1,14597.51,1916.6,31841.55
65,15-Jul-21,198.12,89.78,56.4,92.37,143.35,72.96,1831.6,14635.78,1994.71,32827.88
66,14-Jul-21,203.58,90.76,57.17,93.54,143.31,75.17,1813.1,14780.9,1941.17,32723.85
67,13-Jul-21,204.01,90.48,56.62,93.5,143.44,74.18,1808.1,14715.13,2034.1,33125.47
68,12-Jul-21,202.4,91.22,56.26,93.33,142.55,74.74,1802.6,14743.86,2140.51,34254.02
69,9-Jul-21,199.63,90.04,55.51,91.88,139.55,73.26,1803.6,14578.43,2115.57,32861.67
70,8-Jul-21,198.57,87.86,55.31,92.4,141.32,72.17,1797.0,14409.2,2317.95,33889.61
71,7-Jul-21,208.54,95.02,56.37,95.26,144.09,73.85,1798.7,14753.41,2323.21,34225.68
72,6-Jul-21,207.38,94.88,56.92,94.47,143.54,75.35,1786.7,14661.55,2197.92,33723.51
73,2-Jul-21,204.4,93.28,56.55,94.75,143.29,75.02,1778.7,14582.98,2109.89,33549.6
74,1-Jul-21,201.25,94.04,56.13,95.07,143.46,73.5,1775.7,14493.69,2274.4,35035.98
75,30-Jun-21,199.99,90.82,56.34,95.72,144.32,73.47,1761.1,14509.85,2164.22,35908.39
76,29-Jun-21,198.82,87.41,57.55,95.42,143.18,72.78,1776.8,14509.19,2083.45,34475.56
77,28-Jun-21,193.61,86.38,56.36,92.79,139.69,73.99,1779.6,14417.81,1981.39,34679.12
78,25-Jun-21,192.8,86.34,56.02,92.64,139.19,73.32,1777.7,14400.81,1989.22,34659.11
79,24-Jun-21,192.28,84.39,55.49,91.86,138.56,73.28,1778.9,14357.27,1968.96,33682.8
80,23-Jun-21,190.08,83.83,55.87,91.87,140.92,72.91,1780.7,14263.38,1878.63,32515.71
81,22-Jun-21,184.71,82.9,55.94,91.95,141.17,73.41,1783.4,14138.29,1886.67,31622.38
82,21-Jun-21,184.35,83.49,55.75,91.88,139.38,71.52,1768.8,14047.42,2245.32,35641.14
83,18-Jun-21,187.84,84.28,56.68,93.12,142.0,71.1,1775.7,14096.93,2374.59,38099.48
84,17-Jun-21,177.74,80.77,57.05,93.63,142.14,71.65,1811.8,13999.13,2367.31,38341.42
85,16-Jun-21,177.91,80.75,58.15,95.75,143.96,72.45,1859.4,14085.55,2544.86,40168.69
86,15-Jun-21,179.15,81.59,58.21,98.86,148.92,71.16,1866.4,14166.64,2587.76,40427.17
87,14-Jun-21,179.06,81.51,58.02,98.39,146.66,70.65,1866.2,14083.47,2508.77,39016.97
88,11-Jun-21,174.79,81.61,57.47,97.8,145.23,70.1,1900.9,14030.85,2472.86,36697.03
89,10-Jun-21,173.5,80.02,57.15,96.28,146.36,69.76,1887.7,13933.88,2611.14,37389.52
90,9-Jun-21,175.16,81.09,57.36,97.35,146.28,70.01,1894.9,13980.23,2510.2,33416.98
91,8-Jun-21,175.27,81.87,57.45,97.45,146.45,69.29,1896.5,13946.32,2594.6,33589.52
92,7-Jun-21,175.71,81.4,57.41,96.89,144.74,69.52,1890.5,13802.82,2713.05,35835.27
93,4-Jun-21,171.13,80.92,56.55,95.14,142.9,68.91,1869.3,13697.25,2857.17,39242.48
94,3-Jun-21,167.01,81.13,56.98,94.5,140.89,68.76,1908.8,13655.75,2708.38,37599.41
95,2-Jun-21,162.52,81.0,56.91,96.33,143.69,67.99,1899.2,13743.24,2634.46,36699.92
96,1-Jun-21,162.7,81.01,57.61,97.26,142.17,66.68,1905.1,13829.06,2707.56,37293.79
97,28-May-21,155.01,78.66,57.55,97.44,143.31,66.95,1897.5,13792.05,2742.47,38507.08
98,27-May-21,157.0,78.11,57.11,97.0,143.32,66.16,1896.8,13742.59,2888.75,39316.89
99,26-May-21,157.34,77.83,57.05,97.12,144.0,66.04,1901.3,13693.94,2707.05,38392.63
100,25-May-21,157.66,77.33,57.56,96.87,142.59,66.02,1882.5,13721.54,2649.03,38795.78
101,24-May-21,152.13,77.26,56.65,95.93,141.39,63.87,1882.1,13557.21,2099.94,34700.36
102,21-May-21,151.64,78.55,56.42,96.97,142.47,61.89,1872.1,13616.19,2772.34,40596.95
103,20-May-21,143.02,76.81,55.57,94.64,139.92,63.39,1865.5,13356.63,2439.64,36753.67
104,19-May-21,135.66,73.16,54.07,92.27,135.98,65.28,1866.4,13078.19,3382.66,42944.98
105,18-May-21,142.67,74.74,55.95,92.55,137.31,66.33,1870.5,13416.9,3276.87,43488.06
106,17-May-21,141.57,74.22,55.29,92.68,137.05,65.5,1849.9,13368.8,3581.34,46415.9
107,14-May-21,138.9,74.02,54.6,94.4,140.21,63.83,1824.5,13255.65,3720.12,49682.98
108,13-May-21,140.34,75.21,54.04,93.47,138.92,65.75,1814.7,13150.94,3828.92,49735.43
109,12-May-21,140.1,75.09,54.39,94.28,141.66,65.46,1825.2,13215.49,4174.64,56714.53
110,11-May-21,138.25,73.57,55.05,93.66,138.9,64.9,1837.2,13115.85,3948.27,55847.24
111,10-May-21,147.87,78.2,57.15,95.06,141.45,65.57,1835.6,13687.59,3924.41,58250.87
112,7-May-21,148.08,78.75,57.7,93.43,142.59,64.9,1842.9,13723.09,3490.11,56413.95
113,6-May-21,144.95,77.63,56.62,90.0,137.58,65.27,1788.9,13557.83,3524.93,57441.31
114,5-May-21,147.09,79.05,56.96,93.6,138.02,66.45,1781.5,13731.13,3240.55,53252.16
115,4-May-21,146.37,77.95,56.88,90.84,140.73,64.53,1788.2,13774.51,3431.13,57214.18
116,3-May-21,151.25,81.97,57.86,91.7,142.71,63.64,1788.5,14031.77,2951.18,56620.27
117,30-Apr-21,151.74,82.97,57.61,91.36,145.1,64.88,1771.8,13970.73,2757.73,53568.66
118,29-Apr-21,154.0,84.7,57.88,91.67,144.3,63.7,1781.0,14204.51,2748.65,54858.09
119,28-Apr-21,153.65,88.85,57.52,92.29,144.09,63.04,1768.2,14082.78,2664.69,55036.64
120,27-Apr-21,155.79,85.67,58.56,94.51,144.36,61.97,1780.0,14170.91,2534.03,54030.3
121,26-Apr-21,151.85,83.35,59.1,92.62,143.63,62.06,1778.0,14052.38,2319.48,49077.79
122,23-Apr-21,149.34,80.21,59.16,93.7,142.52,61.65,1786.1,13861.37,2401.26,51739.81
123,22-Apr-21,153.75,81.61,63.35,93.3,141.11,61.11,1794.2,13952.57,2357.87,53857.11
124,21-Apr-21,151.19,78.99,62.79,93.48,140.31,62.39,1783.0,13745.77,2331.16,56471.13
125,20-Apr-21,153.23,80.82,63.64,96.27,139.6,63.47,1769.3,13894.46,2161.94,55681.79
126,19-Apr-21,155.37,82.13,64.7,96.93,140.0,62.98,1782.1,13984.58,2238.03,56191.59
127,16-Apr-21,160.53,83.3,65.33,98.1,142.11,63.32,1770.4,14059.11,2516.6,63258.5
128,15-Apr-21,156.63,80.32,63.97,97.05,141.61,62.83,1740.1,13983.23,2436.03,63075.2
129,14-Apr-21,156.25,79.88,65.31,97.1,141.92,60.44,1741.3,14004.08,2299.35,63523.75
130,13-Apr-21,152.32,79.67,65.61,97.0,142.59,59.64,1733.8,13902.45,2139.36,59890.02
131,12-Apr-21,142.9,82.06,68.2,95.1,139.42,59.35,1740.8,13854.44,2157.36,60175.95
132,9-Apr-21,142.14,82.8,66.8,96.07,140.6,59.76,1750.8,13787.02,2088.77,58326.56
133,8-Apr-21,142.53,83.32,66.97,97.81,142.84,59.52,1736.0,13796.89,1969.13,56099.91
134,7-Apr-21,138.81,81.32,65.67,96.46,141.3,59.26,1742.7,13675.3,2117.73,58186.51
135,6-Apr-21,140.0,81.21,66.06,98.19,141.09,58.8,1726.9,13681.67,2109.49,59171.93
136,5-Apr-21,138.68,81.74,64.95,96.01,137.51,61.5,1727.9,13594.9,2093.26,58760.88
137,1-Apr-21,135.72,80.16,64.72,93.94,136.73,59.49,1706.8,13414.32,1919.16,58926.56
138,31-Mar-21,130.15,76.57,64.01,92.85,134.71,60.45,1683.7,13122.57,1846.1,58930.28
139,30-Mar-21,128.42,76.47,63.77,92.44,133.41,61.96,1711.0,13008.8,1819.47,57750.13
140,29-Mar-21,128.2,77.03,64.01,92.25,132.51,60.93,1712.1,13103.97,1691.26,55947.9
141,26-Mar-21,125.54,76.62,61.8,91.24,130.24,58.48,1721.3,12996.03,1595.21,51683.01
142,25-Mar-21,125.0,75.85,61.66,90.41,129.06,60.8,1732.7,12844.58,1593.12,52726.75
143,24-Mar-21,131.51,77.55,66.58,91.55,132.97,57.4,1727.5,13289.24,1678.0,54710.49
144,23-Mar-21,132.54,80.13,66.0,92.59,131.54,61.28,1724.7,13381.43,1690.87,54511.66
145,22-Mar-21,129.13,79.99,64.82,90.63,129.41,61.55,1737.8,13278.78,1788.36,57517.89
146,19-Mar-21,127.5,78.49,63.18,89.69,128.52,59.56,1742.2,13119.9,1782.57,57850.44
147,18-Mar-21,131.37,81.06,65.63,90.74,130.04,64.42,1745.8,13349.2,1823.16,58893.08
148,17-Mar-21,130.4,81.75,64.22,92.4,131.25,64.75,1735.3,13336.91,1807.06,56825.83
149,16-Mar-21,133.57,83.66,64.15,93.56,132.46,65.33,1732.3,13523.17,1792.41,55840.79
150,15-Mar-21,128.65,81.91,63.61,92.87,130.44,65.56,1729.5,13323.47,1854.09,59267.43
151,12-Mar-21,126.48,79.73,62.65,91.89,129.93,65.96,1715.9,13222.81,1826.55,57821.22
152,11-Mar-21,129.5,79.4,62.94,92.97,132.46,64.7,1725.6,13273.31,1798.03,55963.18
153,10-Mar-21,128.4,79.75,63.22,93.26,132.64,63.84,1713.6,13234.73,1868.49,54824.01
154,9-Mar-21,121.3,76.73,61.18,91.6,130.24,64.73,1686.2,12923.07,1835.15,52272.97
155,8-Mar-21,124.5,78.03,60.47,91.75,131.99,66.68,1704.7,12904.26,1724.23,51174.12
156,5-Mar-21,125.5,79.0,59.26,92.2,131.53,64.16,1690.6,12860.04,1541.54,48527.03
157,4-Mar-21,128.01,80.23,59.83,93.08,132.57,61.08,1706.5,12953.99,1574.62,50522.3
158,3-Mar-21,134.26,84.28,60.64,96.29,135.93,59.55,1730.0,13336.25,1491.45,48415.82
159,2-Mar-21,139.0,86.92,62.8,98.91,137.15,60.23,1709.4,13599.45,1564.06,49612.11
160,1-Mar-21,138.75,85.37,61.72,97.09,134.84,61.95,1737.1,13406.16,1417.15,45159.5
161,26-Feb-21,137.52,83.57,60.89,96.0,135.71,63.46,1768.1,13232.9,1478.65,47180.46
162,25-Feb-21,140.46,86.17,62.41,95.32,137.25,63.39,1801.5,13512.64,1625.39,49709.08
163,24-Feb-21,141.23,84.33,60.53,95.45,138.3,61.29,1805.8,13400.25,1571.48,48835.09
164,23-Feb-21,140.75,83.4,60.48,95.07,140.23,62.16,1809.6,13262.61,1781.41,54204.93
165,22-Feb-21,147.75,88.15,61.88,99.82,144.66,58.88,1784.0,13714.2,1935.56,57532.74
166,19-Feb-21,150.24,89.75,61.91,102.95,147.68,60.2,1764.3,13929.2,1938.86,51675.98
167,18-Feb-21,147.29,89.09,60.65,101.83,146.05,61.68,1776.1,13814.67,1848.21,52140.97
168,17-Feb-21,151.71,90.56,61.49,102.58,145.07,60.24,1785.8,13911.65,1781.35,49207.28
169,16-Feb-21,150.64,93.9,62.0,103.82,146.85,59.98,1820.9,14152.21,1778.95,47944.46
170,12-Feb-21,150.5,92.75,60.6,102.78,146.82,57.94,1825.0,13979.21,1783.49,47877.04
171,11-Feb-21,149.8,92.9,59.1,103.5,145.33,58.4,1840.5,14045.21,1743.71,44898.71
172,10-Feb-21,144.63,91.5,59.3,103.04,146.95,58.45,1842.6,14093.35,1768.04,46469.76
173,9-Feb-21,143.41,91.39,58.77,101.95,142.57,58.11,1841.9,13966.82,1746.93,46184.99
174,8-Feb-21,137.27,88.31,58.38,102.05,142.0,57.06,1816.3,13937.06,1613.64,38886.83
175,5-Feb-21,137.25,88.15,59.0,100.66,139.91,56.46,1794.3,13824.88,1594.79,36931.55
176,4-Feb-21,135.31,88.22,57.61,93.35,140.56,55.96,1832.2,13674.06,1661.17,37475.11
177,3-Feb-21,136.36,88.6,57.89,93.89,144.36,55.05,1834.8,13718.31,1514.77,35510.82
178,2-Feb-21,133.99,88.49,57.19,92.04,146.15,53.48,1859.6,13543.1,1369.51,33533.2
179,1-Feb-21,130.53,86.83,55.95,91.48,143.79,51.99,1866.6,13226.18,1314.86,33114.58
180,29-Jan-21,130.75,87.56,55.98,90.0,141.0,52.15,1842.0,13284.72,1369.09,34318.67
181,28-Jan-21,129.96,89.83,54.79,89.57,146.2,52.65,1843.4,13323.29,1251.28,30441.04
182,27-Jan-21,132.3,91.1,54.61,91.0,145.83,52.76,1844.9,13486.58,1358.33,32564.03
183,26-Jan-21,135.8,94.91,55.28,93.35,146.36,52.91,1855.8,13681.72,1323.74,32358.61
184,25-Jan-21,137.82,94.14,56.38,95.53,148.81,52.17,1864.7,13681.21,1390.64,32285.8
185,22-Jan-21,137.4,94.42,58.85,94.68,144.98,53.1,1854.9,13474.81,1118.89,30817.63
186,21-Jan-21,134.18,89.34,59.04,95.47,145.61,52.93,1865.3,13521.48,1382.68,35549.4
187,20-Jan-21,131.12,90.55,58.24,93.96,142.43,53.13,1847.8,13342.55,1375.25,36050.11
188,19-Jan-21,130.16,89.56,57.94,90.92,139.41,52.0,1802.0,13132.73,1257.43,36642.23
189,15-Jan-21,132.28,90.75,58.85,89.99,139.26,53.8,1829.4,13099.9,1221.88,39156.71
190,14-Jan-21,135.75,91.77,58.45,90.16,136.83,52.84,1836.7,13174.75,1130.23,37325.11
191,13-Jan-21,134.9,93.01,59.5,89.64,138.57,53.31,1858.0,13088.01,1043.74,33915.12
192,12-Jan-21,137.52,97.86,51.9,91.0,141.09,52.18,1849.0,13062.06,1088.53,35516.36
193,11-Jan-21,134.19,94.03,51.29,91.3,141.52,52.58,1826.5,13048.78,1261.62,38346.53
194,8-Jan-21,133.63,95.98,52.45,90.07,140.86,50.93,1908.0,13160.22,1225.97,39381.77
195,7-Jan-21,129.68,91.33,51.49,88.86,137.33,50.53,1922.6,12867.34,1208.08,36833.88
196,6-Jan-21,132.23,91.62,50.44,89.06,138.52,49.82,1952.0,12666.15,1101.01,34013.61
197,5-Jan-21,131.0,92.1,49.45,90.32,140.23,47.38,1941.7,12665.65,1041.5,31977.04
198,4-Jan-21,131.04,92.11,49.89,92.7,143.44,48.4,1912.2,12958.52,977.06,32810.95
199,31-Dec-20,131.37,92.1,48.75,91.74,141.91,48.35,1897.0,12877.09,751.63,28841.57
200,30-Dec-20,129.9,90.78,49.11,91.75,141.39,48.13,1879.9,12906.51,731.47,27360.09
201,29-Dec-20,129.25,91.66,47.22,91.63,141.0,47.72,1881.3,12965.39,730.36,27081.81
202,28-Dec-20,130.63,92.93,47.19,91.76,142.33,48.23,1895.5,12914.64,683.21,26280.82
203,24-Dec-20,130.37,91.8,46.6,90.3,141.32,47.51,1881.25,12791.54,584.14,23240.2
204,23-Dec-20,132.56,93.08,46.17,89.95,139.52,46.79,1867.0,12834.94,634.82,23781.97
205,22-Dec-20,133.19,93.36,46.25,89.44,141.24,47.93,1882.2,12785.22,609.42,22794.04
206,21-Dec-20,130.75,94.25,46.32,89.48,141.63,48.54,1884.8,12596.14,638.32,23474.46
207,18-Dec-20,133.79,97.27,50.57,89.04,140.66,48.43,1882.4,12804.93,642.92,22806.8
208,17-Dec-20,133.67,97.55,51.15,88.87,141.95,47.85,1874.2,12730.78,636.15,21308.35
209,16-Dec-20,134.23,97.04,50.71,87.26,139.5,47.6,1856.5,12611.04,589.38,19418.82
210,15-Dec-20,134.4,95.93,50.98,86.25,137.81,46.99,1833.5,12543.26,586.02,19246.92
211,14-Dec-20,130.88,92.21,49.82,84.27,138.5,46.73,1835.5,12447.44,589.78,19144.49
212,11-Dec-20,129.67,91.54,50.14,83.13,134.78,46.97,1838.5,12336.79,559.68,18263.93
213,10-Dec-20,128.69,89.55,49.66,82.28,131.66,45.69,1833.2,12247.55,573.5,18553.3
214,9-Dec-20,133.01,92.76,50.28,83.5,131.56,45.6,1867.1,12591.69,554.79,18320.88
215,8-Dec-20,135.85,94.05,49.83,82.48,130.43,45.66,1863.0,12503.17,591.9,19191.53
216,7-Dec-20,136.01,94.95,51.0,81.4,129.19,46.15,1836.5,12461.0,601.8,19343.13
217,4-Dec-20,134.49,92.58,51.06,78.72,126.42,45.64,1840.7,12399.32,616.72,19446.97
218,3-Dec-20,135.88,94.06,49.92,79.31,130.5,44.99,1829.2,12369.26,598.46,19205.93
219,2-Dec-20,133.51,92.89,49.22,79.72,127.03,44.38,1811.3,12285.75,587.26,18801.74
220,1-Dec-20,134.92,92.25,48.75,79.94,127.58,45.08,1775.0,12313.36,615.07,19633.77
221,30-Nov-20,132.65,87.33,47.42,78.32,124.77,45.34,1785.0,12224.25,575.76,18178.32
222,27-Nov-20,133.75,87.99,47.36,77.7,123.58,45.08,1793.2,12159.18,519.11,17153.91
223,25-Nov-20,130.32,85.76,47.03,75.93,120.81,44.82,1801.4,12053.89,603.9,19104.41
224,24-Nov-20,131.43,85.72,46.29,75.93,121.49,42.84,1829.3,11939.33,608.52,18365.02
225,23-Nov-20,131.71,85.52,45.48,76.92,122.03,42.46,1834.8,11916.76,558.06,18370.02
226,20-Nov-20,134.54,85.28,45.66,75.7,119.53,41.7,1871.2,11892.7,471.63,17817.08
227,19-Nov-20,132.13,82.39,44.92,73.96,116.74,41.61,1865.8,11779.04,479.48,17803.86
228,18-Nov-20,134.65,83.01,45.55,76.95,118.34,41.35,1873.5,11896.06,480.35,17645.19
229,17-Nov-20,135.52,83.93,45.75,77.52,119.33,41.44,1888.4,11913.35,464.41,16685.69
230,16-Nov-20,131.73,81.21,46.04,76.72,119.25,40.17,1874.6,11847.11,447.56,15955.58
231,13-Nov-20,136.27,82.73,44.99,77.5,120.22,40.94,1877.0,11794.94,461.01,16276.44
232,12-Nov-20,134.79,81.32,46.13,77.12,120.93,41.47,1869.0,11802.5,462.96,15701.3
233,11-Nov-20,130.54,79.39,45.9,76.35,120.3,41.79,1878.8,11656.65,449.68,15290.91
234,10-Nov-20,136.07,81.93,45.4,74.8,116.99,39.91,1879.3,11622.44,444.17,15332.35
235,9-Nov-20,145.52,84.24,46.64,75.0,116.46,37.34,1955.6,12046.66,453.57,15479.6
236,6-Nov-20,141.1,83.52,45.54,79.87,119.5,38.54,1940.8,11869.9,414.07,15579.73
237,5-Nov-20,141.63,83.27,46.15,80.74,128.88,39.17,1901.7,11816.33,402.14,14133.73
238,4-Nov-20,133.89,80.25,45.11,78.93,124.88,38.15,1893.8,11443.77,387.6,13950.49
239,3-Nov-20,127.08,74.93,44.73,76.58,120.75,37.03,1891.5,11038.66,383.16,13550.45
240,2-Nov-20,126.58,75.85,44.96,76.55,120.94,35.24,1872.9,11010.45,396.36,13737.03
241,30-Oct-20,128.5,77.09,44.1,77.45,122.99,36.07,1862.8,11103.47,386.73,13437.87
242,29-Oct-20,128.38,76.75,44.24,78.96,125.79,37.39,1876.1,11064.47,388.65,13271.3
243,28-Oct-20,131.98,78.73,44.89,80.18,125.62,38.97,1870.9,11230.9,404.0,13654.21
244,27-Oct-20,133.06,82.0,45.98,81.0,127.36,38.59,1904.6,11409.34,393.89,13075.24
245,26-Oct-20,134.27,82.55,47.85,80.75,126.41,39.69,1895.5,11440.64,406.22,13031.2
246,23-Oct-20,134.5,80.93,48.35,81.0,127.24,40.61,1899.9,11536.01,414.05,12971.55
247,22-Oct-20,135.23,79.65,53.12,82.21,127.78,40.04,1924.3,11526.97,391.49,12801.64
248,21-Oct-20,136.25,81.72,53.14,80.99,127.98,41.22,1913.6,11530.39,369.06,11913.08
249,20-Oct-20,135.84,82.16,54.6,80.5,130.42,40.65,1901.3,11531.83,379.72,11745.97
250,19-Oct-20,139.03,83.62,54.47,82.28,133.14,40.69,1907.3,11732.34,378.47,11495.04
251,16-Oct-20,140.37,83.54,53.9,80.95,132.5,40.88,1898.5,11761.83,377.87,11502.83
252,15-Oct-20,138.11,83.4,52.75,81.02,131.07,41.13,1897.3,11559.88,379.19,11426.6
253,14-Oct-20,142.9,85.86,54.01,82.51,133.79,40.19,1889.7,11889.07,381.97,11429.05
254,13-Oct-20,142.96,84.86,54.27,81.44,131.87,39.53,1921.9,11901.76,372.0,11241.195
255,12-Oct-20,139.9,83.65,53.55,79.28,128.98,40.4,1924.0,11732.33,362.03,11053.34
256,9-Oct-20,137.67,84.74,53.55,78.19,126.86,41.31,1909.3,11487.6,352.06,10865.484999999999
257,8-Oct-20,140.75,88.11,52.91,78.7,126.1,39.99,1893.0,11443.35,342.09,10677.63
258,7-Oct-20,140.0,86.1,51.85,78.68,126.41,39.83,1874.1,11271.68,341.09,10619.8
259,6-Oct-20,138.3,86.21,51.71,79.77,130.36,39.35,1906.6,11314.53,354.14,10799.78
260,5-Oct-20,132.36,82.55,51.3,79.36,130.09,37.0,1898.9,11169.11,353.05,10688.03
261,2-Oct-20,132.25,82.58,51.5,81.99,131.37,38.6,1893.9,11082.53,353.22,10624.39
262,1-Oct-20,137.58,83.06,52.4,81.72,132.07,39.9,1884.1,11291.99,360.0,10785.01
263,30-Sep-20,131.57,81.75,51.24,80.61,129.73,39.16,1893.0,11092.9,359.94,10845.41
264,29-Sep-20,129.38,79.3,51.31,81.83,132.06,40.58,1876.5,11109.0,354.97,10712.46
265,28-Sep-20,130.4,79.12,50.51,81.63,133.36,40.07,1872.8,11084.38,357.31,10771.64
266,25-Sep-20,124.47,76.35,48.96,79.88,129.51,40.15,1856.3,10680.46,349.36,10747.47
267,24-Sep-20,120.72,74.54,48.53,79.28,128.21,39.6,1851.5,10551.02,320.62,10227.48
268,23-Sep-20,125.75,77.39,49.83,82.53,131.57,39.76,1875.5,10950.82,344.62,10539.46
269,22-Sep-20,125.75,78.36,49.89,82.31,129.84,39.63,1913.1,10873.3,341.72,10459.62
270,21-Sep-20,119.25,74.23,49.39,79.64,124.33,40.98,1946.2,10610.14,371.4,10934.93
271,18-Sep-20,125.94,77.0,50.33,79.33,125.49,40.97,1950.5,10973.45,389.34,10951.82
272,17-Sep-20,121.32,74.88,49.37,78.06,124.22,40.19,1939.0,10796.05,365.87,10973.25
273,16-Sep-20,129.57,79.35,50.51,81.68,128.99,38.35,1961.3,11222.08,364.74,10797.76
274,15-Sep-20,132.8,77.66,49.79,80.0,127.99,37.28,1955.8,11193.96,377.15,10677.75
275,14-Sep-20,130.81,76.8,48.85,79.04,127.93,37.32,1946.3,11010.14,365.7,10328.73
276,11-Sep-20,124.86,79.82,49.26,79.83,127.99,37.01,1944.0,11010.07,368.12,10369.03
277,10-Sep-20,129.89,83.07,50.0,80.29,129.88,37.8,1944.1,11235.53,351.43,10242.33
278,9-Sep-20,124.0,81.4,49.53,77.85,126.54,36.79,1926.9,11064.76,337.82,10134.15
279,8-Sep-20,117.35,78.05,49.26,76.58,127.46,39.48,1930.9,10900.7,353.2,10369.31
280,4-Sep-20,127.84,81.45,50.53,79.1,131.63,41.25,1927.9,11396.24,384.67,10230.37
281,3-Sep-20,138.29,87.84,52.5,82.96,138.24,41.63,1937.1,11861.9,440.24,11407.19
282,2-Sep-20,147.04,94.01,51.21,83.58,138.0,43.02,1967.3,12047.26,477.01,11964.82
283,1-Sep-20,134.8,91.92,50.91,83.84,140.74,42.83,1961.7,11850.96,434.87,11679.32
284,31-Aug-20,131.83,85.05,51.0,82.81,141.08,42.91,1970.0,11718.81,428.51,11713.31
285,28-Aug-20,126.75,84.3,49.57,83.95,142.34,42.98,1927.1,11689.28,382.63,11325.3
286,27-Aug-20,127.82,86.35,49.79,85.0,143.38,43.45,1948.9,11688.19,386.61,11485.61
287,26-Aug-20,127.99,86.97,49.39,83.83,142.06,43.39,1909.7,11516.62,383.98,11366.89
288,25-Aug-20,126.31,83.36,49.35,82.93,142.01,42.36,1927.5,11370.23,408.07,11773.59
289,24-Aug-20,128.84,84.55,49.26,83.34,142.27,42.48,1930.2,11449.25,391.68,11663.69
290,21-Aug-20,122.02,83.29,49.02,84.05,142.76,42.75,1941.0,11258.44,416.15,11878.03
291,20-Aug-20,119.75,79.74,49.81,82.02,141.62,42.74,1941.2,11096.4,406.76,11761.5
292,19-Aug-20,122.96,81.78,48.79,82.95,142.28,42.6,1980.0,11214.8,423.74,11990.88
293,18-Aug-20,124.5,82.8,49.26,82.6,140.6,42.79,2001.1,11170.75,429.67,12251.9
294,17-Aug-20,118.51,82.09,49.11,80.97,139.25,42.24,1949.6,11083.25,433.97,11895.66
295,14-Aug-20,115.3,81.81,48.73,81.97,141.64,42.33,1938.7,11042.24,428.68,11772.66
296,13-Aug-20,115.46,82.88,49.26,82.28,141.12,42.57,1921.5,11026.86,390.84,11588.41
297,12-Aug-20,109.91,78.43,48.67,79.58,136.88,41.62,1923.0,10878.12,380.06,11404.6
298,11-Aug-20,110.74,80.71,49.63,81.51,141.15,41.98,2012.4,10942.66,395.89,11881.65
299,10-Aug-20,113.34,85.05,48.2,82.43,142.77,41.5,2026.4,11033.73,391.04,11662.26
300,7-Aug-20,113.13,86.67,48.53,84.43,146.43,41.97,2040.1,11072.53,395.23,11778.89
301,6-Aug-20,113.5,85.49,48.79,87.55,146.33,42.19,2045.5,10989.98,401.58,11749.87
302,5-Aug-20,112.44,84.96,49.72,84.65,145.82,41.56,2024.0,10967.87,389.71,11203.82
303,4-Aug-20,110.5,78.03,48.6,86.77,143.24,40.78,1971.0,10897.89,386.16,11246.2
304,3-Aug-20,107.32,78.19,48.27,84.41,141.55,40.39,1984.3,10848.64,371.13,11043.77
305,31-Jul-20,105.63,78.67,48.13,82.81,142.04,40.34,1948.6,10741.47,334.63,11110.21
306,30-Jul-20,103.75,75.37,47.83,80.6,135.7,41.32,1963.4,10450.12,318.14,11099.83
307,29-Jul-20,103.91,75.5,49.49,81.26,135.77,41.13,1953.2,10474.7,316.56,10912.95
308,28-Jul-20,103.74,68.1,49.48,81.37,135.42,41.65,1931.5,10509.2,321.83,11017.46
309,27-Jul-20,102.32,69.28,51.03,80.6,135.49,41.26,1901.7,10421.7,309.66,9905.22
310,24-Jul-20,98.75,64.18,52.15,79.32,133.75,41.06,1884.3,10294.41,274.72,9585.51
311,23-Jul-20,104.5,61.63,61.26,81.49,139.3,41.95,1868.7,10689.5,262.39,9527.14
312,22-Jul-20,103.68,57.07,61.31,80.97,140.95,41.54,1858.1,10687.58,245.04,9375.08
313,21-Jul-20,105.13,57.81,61.52,81.65,141.56,40.65,1822.0,10837.88,236.3,9162.51
314,20-Jul-20,102.74,55.23,60.08,79.07,139.43,40.64,1807.0,10526.02,238.49,9187.22
315,17-Jul-20,102.25,55.31,59.42,79.41,138.18,40.72,1798.5,10500.52,233.69,9131.81
316,16-Jul-20,100.15,54.68,58.54,78.88,137.84,40.97,1810.9,10443.87,238.45,9191.98
317,15-Jul-20,104.14,54.96,59.03,78.52,137.98,40.55,1806.1,10576.72,240.14,9241.9
318,14-Jul-20,100.75,53.3,57.87,76.81,134.2,39.6,1791.0,10310.25,239.98,9238.7
319,13-Jul-20,105.95,56.68,59.84,82.01,141.01,40.35,1805.0,10729.92,242.18,9277.21
320,10-Jul-20,105.89,57.54,57.95,80.72,139.42,39.58,1805.5,10545.91,242.87,9273.36
321,9-Jul-20,103.8,53.52,58.2,79.93,136.36,40.87,1816.1,10563.72,246.75,9427.99
322,8-Jul-20,99.94,53.01,58.45,79.06,135.91,40.48,1801.5,10409.35,239.16,9253.02
323,7-Jul-20,99.46,53.28,59.07,79.0,133.87,40.68,1789.3,10412.46,240.97,9349.16
324,6-Jul-20,97.42,52.9,58.72,78.46,135.47,40.38,1788.2,10360.38,227.69,9072.85
325,2-Jul-20,96.39,53.03,59.19,78.86,136.42,39.78,1773.4,10268.67,231.29,9231.14
326,1-Jul-20,95.21,52.63,59.91,75.45,132.04,39.84,1793.6,10063.67,226.13,9145.99
327,30-Jun-20,93.14,51.16,58.71,75.69,132.61,39.64,1777.3,9875.29,227.97,9185.58
328,29-Jun-20,91.7,50.15,57.47,75.82,130.98,37.96,1779.8,9771.72,225.36,9140.03
329,26-Jun-20,95.0,51.85,58.49,76.54,130.92,39.09,1766.0,9995.12,232.88,9261.0
330,25-Jun-20,93.56,52.56,58.98,76.61,131.48,38.05,1761.7,9899.36,235.7,9314.13
331,24-Jun-20,94.76,53.94,59.64,76.46,130.55,39.99,1778.3,10092.92,244.19,9632.15
332,23-Jun-20,95.51,55.05,60.19,76.73,131.32,40.68,1755.4,10130.83,242.54,9644.08
333,22-Jun-20,93.0,54.67,59.73,76.67,131.02,39.18,1755.2,9945.49,229.0,9300.92
334,19-Jun-20,92.43,54.41,60.65,76.18,131.13,38.85,1723.7,10042.13,231.95,9410.29
335,18-Jun-20,92.27,54.62,60.35,75.99,128.1,37.74,1730.5,9892.48,232.9,9481.57
336,17-Jun-20,91.14,54.79,60.74,73.69,126.73,37.93,1714.7,9943.31,234.49,9533.78
337,16-Jun-20,92.25,55.72,61.49,74.0,127.14,37.05,1726.3,9949.78,229.76,9454.27
338,15-Jun-20,88.15,52.58,59.33,71.48,122.9,36.03,1730.0,9426.9,234.06,9386.04
339,12-Jun-20,91.63,55.01,60.11,71.5,123.1,36.26,1724.9,9715.87,231.63,9320.69
340,11-Jun-20,91.5,55.94,63.07,72.87,124.66,39.09,1737.2,9791.24,247.55,9870.08
341,10-Jun-20,91.68,57.2,62.79,72.38,122.15,38.5,1716.1,10012.32,244.82,9794.12
342,9-Jun-20,88.0,52.95,62.99,71.28,120.1,38.22,1694.6,9867.19,246.18,9774.36
343,8-Jun-20,88.77,53.3,63.97,68.49,116.5,39.41,1679.1,9823.44,245.18,9760.06
344,5-Jun-20,87.94,52.99,63.36,67.99,115.44,37.33,1711.8,9703.54,244.35,9800.22
345,4-Jun-20,87.28,52.59,61.74,69.5,117.48,36.76,1694.5,9649.65,244.11,9655.85
346,3-Jun-20,88.22,53.6,62.45,72.39,122.15,36.86,1726.3,9651.86,237.4,9533.76
347,2-Jun-20,87.96,53.45,61.7,72.78,123.25,35.56,1743.0,9566.53,246.83,10162.97
348,1-Jun-20,88.33,53.31,62.49,72.19,123.28,35.21,1740.4,9471.42,230.86,9463.61
349,29-May-20,85.54,52.07,61.9,70.66,122.29,33.68,1718.8,9382.35,219.93,9528.36
350,28-May-20,84.12,52.25,63.0,70.0,117.99,32.1,1709.3,9392.99,208.89,9184.95
351,27-May-20,86.25,53.27,62.32,69.29,115.07,34.14,1685.6,9346.12,201.89,8837.38
352,26-May-20,91.57,56.01,63.68,73.37,120.44,33.3,1726.4,9501.21,205.26,8909.59
353,22-May-20,88.25,54.77,61.98,73.01,117.22,33.95,1726.6,9278.55,199.84,9080.33
354,21-May-20,90.51,56.68,63.1,74.36,119.88,33.53,1746.8,9375.19,210.13,9522.74
355,20-May-20,89.91,56.55,61.16,73.54,119.1,31.89,1751.6,9305.62,213.45,9725.33
356,19-May-20,87.9,54.39,60.13,72.9,116.77,32.83,1744.2,9227.46,214.6,9727.06
357,18-May-20,87.61,54.98,59.74,73.86,116.71,29.53,1755.7,9177.15,207.18,9675.7
358,15-May-20,78.9,53.32,57.4,72.62,116.22,27.64,1739.7,8839.99,202.96,9734.29
359,14-May-20,78.42,52.1,57.32,73.12,116.5,25.56,1724.3,8788.04,198.89,9271.33
360,13-May-20,79.18,54.04,58.45,72.51,117.07,25.3,1702.0,9006.05,189.37,8805.39
361,12-May-20,81.24,56.21,60.22,75.27,117.68,24.49,1699.3,9225.15,185.88,8610.39
362,11-May-20,78.07,52.9,59.74,73.06,116.93,24.49,1702.3,9054.91,188.63,8755.54
363,8-May-20,76.94,52.15,59.67,73.18,116.25,23.35,1726.2,9056.89,212.2,9936.16
364,7-May-20,75.85,52.93,59.93,72.31,116.27,24.09,1686.2,8973.78,203.91,9261.9
365,6-May-20,74.23,52.42,59.04,74.0,115.0,25.52,1704.0,8874.7,206.48,9007.44
366,5-May-20,73.87,53.43,58.79,67.67,118.32,21.24,1701.5,8809.66,208.01,8912.83
367,4-May-20,70.22,49.82,57.12,65.33,113.91,19.11,1702.6,8555.32,210.89,8895.75
368,1-May-20,71.09,51.07,58.83,63.14,113.13,19.04,1686.6,8681.29,207.9,8672.78
369,30-Apr-20,74.07,53.43,61.37,64.82,112.48,15.64,1719.3,8911.02,216.91,8797.67
370,29-Apr-20,74.19,54.53,59.44,64.15,111.87,13.35,1710.0,8802.7,198.47,7806.71
371,28-Apr-20,75.75,57.16,59.99,67.0,116.0,12.96,1716.6,8825.69,197.27,7796.97
372,27-Apr-20,73.75,57.44,59.72,67.4,117.97,16.84,1731.9,8717.98,197.48,7679.42
373,24-Apr-20,70.9,55.1,56.2,66.07,115.67,16.78,1744.0,8530.08,185.22,7434.18
374,23-Apr-20,71.96,56.65,59.67,66.98,114.7,14.2,1734.0,8528.84,182.62,7121.31
375,22-Apr-20,69.31,54.91,58.27,66.7,114.36,13.12,1696.0,8434.55,172.67,6879.44
376,21-Apr-20,70.58,56.9,58.11,66.24,114.68,-14.0,1697.0,8460.69,172.02,6879.78
377,20-Apr-20,71.81,55.98,59.28,66.62,114.84,17.73,1686.0,8553.38,181.48,7186.87
378,17-Apr-20,74.5,57.35,62.02,66.5,116.71,20.0,1715.7,8667.48,167.33999999999997,6913.66
379,16-Apr-20,71.77,55.96,59.61,66.45,114.75,20.15,1731.0,8479.11,153.2,6640.45
380,15-Apr-20,69.3,53.73,59.74,62.63,110.74,20.72,1739.4,8355.96,157.57,6845.56
381,14-Apr-20,68.75,52.24,60.04,63.98,111.8,22.36,1756.8,8353.21,156.36,6843.28
382,13-Apr-20,65.14,48.47,56.57,60.32,105.65,24.6,1722.0,8127.69,160.72,6965.62
383,9-Apr-20,68.0,49.65,59.36,61.28,106.0,26.28,1662.7,8169.01,172.76,7337.97
384,8-Apr-20,65.85,48.07,58.99,60.36,106.95,24.3,1669.7,7975.72,165.24,7179.28
385,7-Apr-20,69.32,48.96,59.94,62.53,107.13,26.34,1695.7,8129.99,169.15,7273.64
386,6-Apr-20,63.81,44.3,56.63,61.13,105.39,26.09,1629.1,7660.17,143.61,6788.05
387,3-Apr-20,63.49,44.3,53.85,61.26,102.81,24.81,1624.5,7477.27,142.11,6797.4
388,2-Apr-20,61.06,43.4,51.29,58.27,98.1,21.22,1590.9,7317.45,135.73,6606.78
389,1-Apr-20,63.91,44.18,52.5,58.0,98.38,20.1,1570.0,7459.5,133.61,6437.32
390,31-Mar-20,66.8,47.93,55.06,58.04,97.79,20.23,1618.7,7740.06,132.82,6430.61
391,30-Mar-20,63.84,47.24,52.99,58.34,96.77,20.93,1641.2,7583.46,125.58,5925.54
392,27-Mar-20,62.5,46.32,53.42,56.55,96.53,23.29,1623.9,7554.25,138.37,6719.39
393,26-Mar-20,63.49,45.78,51.74,53.06,90.47,24.25,1660.5,7462.21,136.19,6675.17
394,25-Mar-20,63.45,46.79,52.48,55.01,93.53,24.37,1676.5,7421.36,138.91,6738.72
395,24-Mar-20,57.25,44.04,53.14,58.34,100.0,23.87,1592.7,7196.15,135.19,6436.64
396,23-Mar-20,51.43,40.62,46.02,52.81,89.73,22.52,1505.3,6847.28,123.37,5831.37
397,20-Mar-20,54.75,41.51,46.51,55.25,92.24,24.73,1483.5,7248.07,136.65,6191.65
398,19-Mar-20,50.49,39.56,47.84,55.62,90.95,22.3,1481.5,6996.45,114.84,5245.42
399,18-Mar-20,50.03,39.54,46.71,53.0,91.5,26.94,1537.5,6902.32,113.86,5227.11
400,17-Mar-20,50.23,40.19,45.76,53.66,91.6,28.69,1469.3,7072.0,110.41,5002.58
401,16-Mar-20,53.1,39.08,47.51,53.11,89.19,33.75,1569.1,7392.73,125.0,5385.23
402,13-Mar-20,57.63,42.2,48.26,57.0,98.74,30.77,1574.9,7610.39,112.69,5017.83
403,12-Mar-20,56.37,42.0,47.99,55.1,94.79,33.07,1637.0,7398.58,194.74,7913.62
404,11-Mar-20,63.87,44.19,52.39,58.75,101.61,34.62,1656.6,8136.25,200.77,7910.09
405,10-Mar-20,64.14,45.41,52.76,59.45,101.4,30.37,1671.6,8219.76,202.86,7922.15
406,9-Mar-20,59.97,43.03,51.92,56.6,101.57,32.87,1696.1,7957.93,201.32,8111.15
407,6-Mar-20,66.52,49.44,55.18,59.65,106.45,46.09,1670.8,8469.02,229.17,9078.31
408,5-Mar-20,69.13,48.68,57.06,60.78,109.49,47.13,1637.3,8790.09,224.64,8760.29
409,4-Mar-20,67.55,48.25,57.01,60.0,108.29,46.94,1645.4,8834.1,224.57,8788.54
410,3-Mar-20,69.67,49.03,58.03,60.56,106.73,47.72,1594.5,8965.1,230.52,8865.39
411,2-Mar-20,69.22,47.42,55.79,58.3,101.92,43.7,1583.9,8667.14,218.71,8563.26
412,28-Feb-20,60.62,41.36,54.3,56.29,100.29,46.49,1640.3,8269.74,226.99,8788.73
413,27-Feb-20,63.72,45.38,57.93,57.8,104.35,48.63,1641.1,8744.03,225.69,8825.09
414,26-Feb-20,65.51,47.7,60.11,59.74,106.36,50.08,1644.0,9011.55,247.74,9338.29
415,25-Feb-20,69.07,51.14,61.99,61.8,107.72,51.37,1645.1,9301.2,265.28,9651.31
416,24-Feb-20,67.55,48.18,61.61,61.21,105.05,52.6,1657.0,9188.44,273.71,9921.58
417,21-Feb-20,76.05,56.71,65.18,63.82,108.49,53.74,1619.3,9708.01,257.89,9611.78
418,20-Feb-20,78.19,58.44,67.04,64.02,108.72,53.5,1606.5,9799.2,259.82,9629.33
419,19-Feb-20,75.37,57.99,66.39,64.0,110.1,52.12,1600.6,9782.81,282.04,10143.8
420,18-Feb-20,71.41,54.94,66.66,63.36,109.09,52.23,1579.8,9679.04,266.51,9691.23
421,14-Feb-20,71.82,55.19,67.52,62.69,108.9,51.51,1575.8,9728.9,268.02,10211.55
422,13-Feb-20,67.55,53.43,66.99,62.25,109.15,51.72,1570.2,9657.04,265.05,10323.96
423,12-Feb-20,67.5,54.53,67.6,61.5,109.67,49.96,1565.2,9688.6,235.9,10202.39
424,11-Feb-20,66.83,53.22,66.83,61.93,108.95,49.61,1570.9,9680.89,223.38,9855.89
425,10-Feb-20,63.13,49.47,65.56,61.42,109.02,50.12,1569.3,9493.63,228.55,10115.56
426,7-Feb-20,63.16,48.91,66.86,61.33,109.17,51.11,1564.9,9526.64,212.32,9726.0
427,6-Feb-20,63.03,48.8,67.3,59.19,108.8,51.17,1553.6,9540.98,204.13,9617.82
428,5-Feb-20,63.0,50.29,66.69,60.14,108.62,49.51,1553.2,9574.1,189.3,9183.42
429,4-Feb-20,61.51,49.21,65.77,58.86,106.44,49.94,1577.7,9398.39,189.86,9292.84
430,3-Feb-20,58.92,46.4,64.46,58.64,107.93,51.01,1592.9,9190.72,188.61,9344.68
431,31-Jan-20,60.99,48.4,65.8,60.2,110.75,52.92,1573.4,9324.33,184.74,9508.31
432,30-Jan-20,60.4,46.49,65.64,59.92,111.43,53.09,1576.8,9211.15,174.92,9316.02
433,29-Jan-20,61.85,47.84,67.63,60.49,112.51,53.97,1569.8,9318.26,176.35,9357.47
434,28-Jan-20,60.71,50.03,66.5,58.79,111.29,52.77,1576.4,9201.82,170.88,8912.52
435,27-Jan-20,59.56,48.45,66.72,58.19,110.24,53.7,1584.3,9092.46,168.01,8597.31
436,24-Jan-20,64.38,52.28,66.57,60.22,114.02,55.69,1556.3,9446.21,162.9,8405.57
437,23-Jan-20,62.93,51.34,62.86,60.32,112.92,56.11,1553.1,9377.72,168.3,8680.65
438,22-Jan-20,62.44,51.63,61.04,61.65,112.77,58.26,1549.8,9413.61,169.61,8744.21
439,21-Jan-20,61.95,50.96,59.81,61.0,112.55,59.17,1559.3,9361.07,167.06,8658.99
440,17-Jan-20,62.42,50.2,59.98,60.61,112.37,58.59,1554.1,9392.37,164.49,8725.21
441,16-Jan-20,61.93,49.17,59.26,60.0,110.0,58.1,1555.7,9313.45,166.33,8812.48
442,15-Jan-20,61.95,48.23,59.3,60.05,109.79,58.2,1548.0,9253.76,165.73,8825.34
443,14-Jan-20,62.56,48.64,59.49,59.58,109.66,58.03,1546.7,9270.61,144.25,8140.93
444,13-Jan-20,61.92,48.66,59.17,59.12,109.05,59.04,1557.4,9213.72,146.22,8189.77
445,10-Jan-20,61.83,49.26,59.57,59.76,109.2,59.61,1551.2,9232.95,138.97,7878.31
446,9-Jan-20,60.96,48.94,59.05,60.24,110.0,59.99,1555.7,9202.27,141.16,8082.3
447,8-Jan-20,59.94,47.85,58.89,60.0,108.18,62.84,1579.7,9068.03,143.49,8161.94
448,7-Jan-20,59.55,49.35,59.78,59.69,109.0,62.91,1558.3,9076.64,144.31,7768.68
449,6-Jan-20,58.08,48.02,59.59,58.47,106.95,63.71,1580.0,8943.5,136.31,7410.45
450,3-Jan-20,58.78,48.03,59.81,58.03,105.58,61.18,1530.1,8976.43,127.41,6984.43
451,2-Jan-20,59.69,46.86,60.24,59.91,107.94,61.6,1518.1,9039.46,130.82,7202.55
452,31-Dec-19,57.72,45.07,59.62,58.72,106.58,61.68,1513.8,8918.74,132.61,7294.44
453,30-Dec-19,59.0,46.14,59.99,59.35,108.11,61.71,1512.6,9004.45,134.8,7420.27
454,27-Dec-19,59.95,46.85,59.91,59.21,108.6,61.73,1513.8,9049.47,126.37,7238.14
455,26-Dec-19,59.69,46.99,59.41,58.81,108.56,61.2,1505.2,8970.21,126.49,7274.8
456,24-Dec-19,59.55,46.1,59.25,58.78,107.78,60.805,1493.75,8955.01,128.63,7354.39
457,23-Dec-19,60.13,44.58,59.06,59.6,108.27,60.41,1482.3,8950.2,132.31,7508.9
458,20-Dec-19,59.53,43.44,58.32,59.4,108.02,61.11,1476.7,8911.84,129.38,7208.64
459,19-Dec-19,57.72,42.63,57.17,58.71,107.0,60.86,1475.9,8838.97,133.05,7277.59
460,18-Dec-19,57.42,42.79,57.39,58.34,106.0,60.55,1472.6,8834.65,122.66,6647.7
461,17-Dec-19,56.47,42.51,58.0,58.7,105.86,60.23,1474.1,8829.47,133.65,6931.32
462,16-Dec-19,56.47,41.73,58.21,59.23,105.01,59.87,1473.8,8791.31,143.14,7153.66
463,13-Dec-19,56.05,42.35,57.55,58.5,105.34,59.36,1463.1,8713.91,145.66,7244.66
464,12-Dec-19,54.04,39.4,56.75,56.6,103.54,58.88,1475.1,8645.36,143.62,7216.74
465,11-Dec-19,53.6,39.44,56.91,55.94,101.87,59.06,1463.1,8631.12,146.32,7277.2
466,10-Dec-19,53.35,39.2,56.71,54.46,101.84,58.92,1460.7,8623.56,148.18,7397.13
467,9-Dec-19,52.81,39.46,56.54,55.12,103.34,59.11,1458.8,8650.86,151.22,7561.8
468,6-Dec-19,52.88,40.1,56.66,55.12,102.89,58.32,1475.0,8634.25,149.4,7450.56
469,5-Dec-19,52.58,39.95,56.41,54.09,101.45,58.36,1474.7,8587.93,146.69,7253.24
470,4-Dec-19,52.76,39.38,56.66,54.75,101.77,56.43,1477.5,8557.45,147.92,7320.13
471,3-Dec-19,50.47,37.34,56.86,53.61,99.54,55.96,1461.6,8460.72,149.06,7323.98
472,2-Dec-19,54.12,39.32,58.55,54.93,101.42,55.47,1462.8,8672.84,151.18,7424.04
473,29-Nov-19,54.25,39.1,58.15,54.13,100.03,56.870000000000005,1461.9499999999998,8682.01,151.77,7466.73
474,27-Nov-19,54.67,39.46,58.53,54.33,100.09,58.27,1461.1,8669.59,148.4,7220.88
475,26-Nov-19,55.13,39.3,58.95,53.93,99.87,57.92,1459.8,8635.4,146.4,7145.16
476,25-Nov-19,54.01,39.5,58.0,53.23,99.28,57.92,1457.1,8559.65,142.7,7039.98
477,22-Nov-19,52.77,39.36,58.34,53.77,99.66,58.31,1468.6,8530.54,161.51,7643.57
478,21-Nov-19,52.75,40.42,57.49,53.95,98.25,57.0,1463.1,8527.87,175.67,8023.64
479,20-Nov-19,51.77,40.96,58.26,53.24,96.12,55.16,1472.6,8543.57,177.42,8203.61
480,19-Nov-19,52.76,40.14,58.48,53.1,97.21,56.9,1467.7,8578.02,180.5,8305.13
481,18-Nov-19,50.97,38.65,57.7,53.43,97.43,57.88,1472.0,8529.16,185.04,8573.98
482,15-Nov-19,52.42,38.94,58.17,53.15,98.85,56.91,1469.1,8524.48,186.06,8705.71
483,14-Nov-19,52.23,37.51,57.61,52.32,96.2,57.39,1463.8,8461.06,188.27,8811.94
484,13-Nov-19,52.09,36.65,57.87,51.6,96.62,56.79,1456.8,8455.02,186.94,8812.03
485,12-Nov-19,52.43,36.43,58.4,52.7,96.41,56.89,1454.9,8471.07,185.56,8759.75
486,11-Nov-19,51.94,35.96,57.97,53.85,97.55,57.4,1461.0,8431.26,189.5,9056.92
487,8-Nov-19,51.92,36.06,57.85,53.5,96.91,57.08,1469.1,8422.67,187.92,9265.37
488,7-Nov-19,52.78,36.52,58.0,56.75,99.29,56.35,1489.1,8455.11,191.5,9352.39
489,6-Nov-19,52.16,36.06,57.49,55.78,98.68,57.26,1483.2,8426.57,189.11,9340.86
490,5-Nov-19,52.62,36.56,57.47,55.8,98.13,56.56,1507.1,8446.62,186.31,9413.0
491,4-Nov-19,51.46,35.19,56.93,55.56,96.35,56.41,1511.6,8445.5,182.32,9235.61
492,1-Nov-19,49.9,34.37,55.94,56.21,97.12,54.15,1511.0,8335.05,183.8,9193.99
493,31-Oct-19,50.54,32.98,56.33,55.93,96.62,54.9,1496.1,8314.38,184.8,9202.46
494,30-Oct-19,51.0,32.93,56.32,55.25,94.25,55.53,1487.2,8284.28,190.34,9422.46
495,29-Oct-19,51.56,33.73,56.37,54.47,96.72,55.8,1485.9,8313.35,182.67,9248.44
496,28-Oct-19,51.58,33.16,56.38,55.99,97.0,56.65,1504.1,8285.77,184.4,9565.1
497,25-Oct-19,50.03,31.9,54.19,56.21,95.54,56.07,1501.4,8150.59,162.19,7490.7
498,24-Oct-19,49.19,31.58,52.09,55.18,96.16,55.9,1490.5,8180.04,162.51,7509.73
499,23-Oct-19,48.08,31.09,51.37,54.56,94.43,54.3,1486.4,8090.24,172.26,8076.23
500,22-Oct-19,49.58,32.06,51.9,55.67,94.17,53.39,1483.4,8188.12,174.91,8243.4
501,21-Oct-19,48.24,31.5,51.52,55.25,95.48,53.71,1489.9,8137.42,175.52,8225.12
502,18-Oct-19,48.58,31.06,51.75,55.66,96.05,54.09,1487.3,8149.85,177.99,8100.93
503,17-Oct-19,49.0,31.3,52.64,56.0,96.71,52.99,1486.2,8176.91,175.91,8047.81
504,16-Oct-19,48.75,30.6,52.35,55.4,94.41,52.92,1482.0,8119.81,181.34,8204.67
505,15-Oct-19,47.54,30.7,51.93,55.15,94.14,53.51,1488.9,8074.85,186.98,8373.46
506,14-Oct-19,46.41,29.71,51.9,54.35,94.0,54.9,1484.4,8044.35,182.03,8320.83
507,11-Oct-19,46.6,28.83,52.0,54.35,93.93,53.88,1491.9,8047.34,191.8,8585.26
508,10-Oct-19,45.15,28.52,50.41,52.93,92.66,52.69,1511.2,7904.56,193.19,8585.28
509,9-Oct-19,45.08,28.8,50.47,53.76,93.02,52.57,1507.7,7895.96,182.04,8229.84
510,8-Oct-19,45.16,28.55,50.16,54.75,93.03,52.81,1489.4,7898.27,181.11,8246.85
511,7-Oct-19,46.15,28.9,50.7,55.06,95.12,52.69,1504.8,7956.41,172.94,7989.12
512,4-Oct-19,45.35,28.83,50.35,54.75,94.34,52.29,1505.6,7908.44,175.24,8259.49
513,3-Oct-19,43.31,28.28,49.5,52.19,93.53,52.47,1497.4,7787.02,180.7,8390.77
514,2-Oct-19,43.28,28.5,50.31,51.9,96.0,54.0,1476.6,7851.13,177.22,8344.21
515,1-Oct-19,43.75,29.05,51.97,53.34,97.81,54.28,1468.7,8026.83,180.21,8299.72
516,30-Sep-19,43.2,28.89,51.19,52.6,95.85,56.54,1495.9,7964.09,170.46,8104.23
517,27-Sep-19,43.92,29.17,50.63,54.21,97.02,56.51,1504.2,8047.11,166.65,8113.1
518,26-Sep-19,44.46,29.67,50.98,54.72,97.61,56.69,1507.5,8070.12,170.76,8487.67
519,25-Sep-19,43.13,29.48,49.75,53.89,97.1,56.7,1527.6,7990.66,168.13,8603.43
520,24-Sep-19,44.03,30.54,51.1,54.61,98.08,58.44,1515.1,8147.23,201.84,9729.32
521,23-Sep-19,43.17,30.12,50.83,54.47,98.23,59.25,1515.5,8106.49,211.71,10067.96
522,20-Sep-19,44.22,30.36,51.6,55.04,100.2,58.65,1503.0,8184.88,221.07,10266.32
523,19-Sep-19,45.06,30.57,51.7,55.43,98.28,58.2,1496.1,8193.59,211.25,10200.5
524,18-Sep-19,45.2,30.75,52.13,55.21,97.73,58.81,1508.9,8174.62,208.05,10247.8
525,17-Sep-19,45.12,31.07,52.05,55.5,99.48,61.96,1497.9,8148.65,197.11,10281.51
526,16-Sep-19,44.73,30.37,51.9,55.18,98.03,61.48,1506.6,8121.64,189.69,10347.22
527,13-Sep-19,45.4,30.27,52.76,55.64,98.57,55.15,1490.9,8190.57,180.98,10415.36
528,12-Sep-19,46.55,30.08,53.0,56.46,99.89,55.93,1499.5,8206.58,178.8,10176.82
529,11-Sep-19,45.94,30.38,51.6,56.54,100.03,57.89,1491.7,8091.68,179.84,10123.04
530,10-Sep-19,44.79,30.22,51.33,54.75,98.45,58.03,1498.5,8049.98,181.21,10336.41
531,9-Sep-19,44.97,30.93,51.06,55.25,99.01,56.8,1509.0,8130.91,181.36,10443.23
532,6-Sep-19,44.7,31.5,50.25,54.67,98.03,56.19,1517.3,8125.58,174.17,10578.2
533,5-Sep-19,43.22,31.79,49.93,55.15,98.7,55.95,1551.0,8061.29,175.97,10588.18
534,4-Sep-19,41.65,31.32,47.56,52.06,95.24,53.92,1549.0,7949.81,179.49,10621.18
535,3-Sep-19,41.15,30.83,47.12,50.48,92.73,55.0,1522.9,7906.44,178.36,10345.73
536,30-Aug-19,42.22,31.6,47.24,51.29,93.53,56.63,1524.6,8015.16,169.49,9514.84
537,29-Aug-19,41.22,31.47,46.46,51.0,93.29,55.88,1537.5,7945.78,173.96,9756.79
538,28-Aug-19,40.15,29.92,45.7,50.63,93.77,55.71,1538.1,7798.35,187.5,10203.43
539,27-Aug-19,41.75,30.6,45.87,50.5,94.75,53.76,1530.5,7908.78,188.95,10372.83
540,26-Aug-19,41.4,30.34,45.82,47.99,93.77,53.25,1543.2,7829.58,186.74,10126.3
541,23-Aug-19,42.1,31.3,46.35,48.6,94.59,55.35,1493.5,7943.65,191.11,10136.31
542,22-Aug-19,42.9,31.76,47.28,49.29,94.44,55.94,1495.1,8038.79,186.94,10142.52
543,21-Aug-19,42.63,31.05,47.11,49.1,93.55,56.05,1504.9,8017.07,196.62,10764.57
544,20-Aug-19,42.64,30.94,47.03,47.67,90.58,56.1,1497.5,7989.36,202.81,10916.35
545,19-Aug-19,41.03,32.0,47.46,47.55,91.24,54.96,1507.2,8006.18,194.56,10350.28
546,16-Aug-19,39.84,30.31,46.34,45.94,88.56,54.74,1524.6,7828.35,188.64,10319.42
547,15-Aug-19,37.71,30.63,46.1,45.53,88.95,54.9,1519.8,7790.2,186.68,10038.42
548,14-Aug-19,38.13,31.0,46.06,47.09,90.41,56.74,1500.0,7877.33,208.6,10889.49
549,13-Aug-19,37.85,32.36,45.49,46.99,91.96,54.73,1510.4,7852.37,211.34,11385.05
550,12-Aug-19,38.02,34.16,45.76,47.73,91.5,54.32,1496.0,7907.49,216.06,11528.19
551,9-Aug-19,39.15,33.45,46.94,48.76,94.37,52.88,1506.2,7997.19,220.91,11953.47
552,8-Aug-19,39.05,31.53,46.16,48.41,92.95,52.33,1498.4,7921.59,226.52,11954.04
553,7-Aug-19,37.47,28.47,46.3,46.11,89.12,53.42,1473.5,7747.27,225.93,11476.19
554,6-Aug-19,38.45,28.86,47.15,47.45,90.81,54.95,1469.7,7804.51,234.25,11811.54
555,5-Aug-19,38.45,28.26,47.76,47.87,90.31,55.38,1440.4,7823.33,222.65,10960.74
556,2-Aug-19,40.3,29.48,49.09,49.8,94.75,54.54,1448.0,8056.42,217.88,10402.04
557,1-Aug-19,42.28,30.5,50.52,48.93,93.25,57.85,1411.3,8190.56,218.55,10077.44
558,31-Jul-19,43.54,32.08,51.51,48.79,94.0,58.34,1431.3,8290.8,210.49,9604.05
559,30-Jul-19,43.24,33.21,51.71,48.1,87.93,57.07,1426.3,8231.77,211.34,9522.33
560,29-Jul-19,43.69,34.14,51.53,48.0,89.41,56.2,1419.6,8325.1,211.12,9548.18
561,26-Jul-19,43.62,34.23,52.69,47.48,89.5,55.93,1422.8,8294.3,219.63,9913.13
562,25-Jul-19,44.25,34.05,52.51,47.36,88.45,55.9,1413.9,8294.68,216.97,9809.1
563,24-Jul-19,44.35,33.64,51.98,45.71,88.04,57.23,1422.8,8227.36,212.55,9887.73
564,23-Jul-19,43.22,33.17,52.0,45.82,88.88,56.17,1418.6,8242.5,217.57,10346.75
565,22-Jul-19,42.33,32.8,50.01,45.33,88.02,56.22,1425.3,8171.99,225.7,10596.95
566,19-Jul-19,42.93,33.08,49.96,46.0,89.35,55.72,1440.5,8241.34,226.66,10653.96
567,18-Jul-19,42.53,33.03,49.28,46.45,88.9,56.6,1422.3,8151.76,211.44,9698.5
568,17-Jul-19,41.79,34.01,49.5,46.92,89.75,57.52,1404.6,8224.0,199.07,9471.21
569,16-Jul-19,41.67,34.3,49.91,47.61,92.31,59.26,1413.6,8251.66,229.75,10896.65
570,15-Jul-19,42.12,33.34,50.0,47.26,92.75,60.25,1414.4,8263.18,227.97,10257.84
571,12-Jul-19,41.85,32.76,49.0,47.63,93.68,60.46,1405.6,8209.2,268.69,11354.3
572,11-Jul-19,40.75,33.91,48.56,46.92,93.79,60.44,1424.0,8219.28,289.95,12139.71
573,10-Jul-19,39.76,33.56,47.92,46.9,92.16,58.4,1409.9,8183.19,308.85,12571.54
574,9-Jul-19,38.88,31.76,47.36,46.17,92.5,57.56,1394.5,8061.41,313.33,12284.33
575,8-Jul-19,39.46,31.8,47.62,47.8,93.44,57.77,1395.9,8112.91,305.73,11446.6
576,5-Jul-19,40.1,30.88,48.03,48.33,97.77,57.38,1418.3,8123.28,284.38,11203.1
577,3-Jul-19,40.79,31.13,48.18,48.05,103.0,58.260000000000005,1404.6999999999998,8129.57,291.76,10818.16
578,2-Jul-19,41.38,30.96,47.91,47.96,101.76,59.14,1391.1,8086.65,293.54,10588.68
579,1-Jul-19,43.14,31.79,49.29,47.88,102.65,59.27,1386.6,8145.85,290.27,10796.93
580,28-Jun-19,41.25,31.08,47.77,47.5,100.74,59.22,1408.3,7988.76,294.14,11162.17
581,27-Jun-19,40.68,30.41,48.15,47.09,97.67,59.27,1407.0,7939.36,336.96,13017.13
582,26-Jun-19,39.15,29.98,47.65,46.36,97.51,58.84,1407.2,7933.92,317.99,11778.58
583,25-Jun-19,38.22,29.26,47.56,47.07,98.77,57.74,1418.1,8005.27,310.68,11007.2
584,24-Jun-19,38.15,29.32,47.4,45.64,95.66,57.72,1406.0,8040.58,307.72,10853.74
585,21-Jun-19,38.38,29.65,46.95,45.53,92.98,57.26,1406.0,8028.69,271.74,9525.07
586,20-Jun-19,39.19,31.24,47.87,45.99,93.75,54.12,1381.5,8087.45,269.41,9273.06
587,19-Jun-19,38.58,30.67,47.48,45.77,92.39,54.09,1344.0,7970.26,265.06,9078.73
588,18-Jun-19,36.88,29.76,46.75,45.55,93.48,51.95,1349.3,7920.98,274.32,9335.47
589,17-Jun-19,36.14,30.25,46.14,45.7,92.62,52.5,1339.0,7819.43,269.09,8988.92
590,14-Jun-19,36.13,30.7,45.83,45.8,93.56,52.18,1345.4,7807.19,256.18,8230.9
591,13-Jun-19,36.77,32.39,46.6,45.45,92.92,51.07,1331.6,7822.56,260.91,8145.55
592,12-Jun-19,37.25,32.0,46.67,46.46,94.8,53.04,1326.9,7803.13,245.93,7925.43
593,11-Jun-19,37.71,33.43,47.26,46.49,96.38,53.43,1328.4,7901.04,247.86,8004.24
594,10-Jun-19,36.94,33.53,46.23,45.77,98.0,54.24,1335.8,7798.87,232.83,7692.28
595,7-Jun-19,36.01,31.94,45.25,44.28,97.0,53.1,1333.1,7652.97,249.34,7826.9
596,6-Jun-19,35.36,29.87,44.75,44.15,95.96,51.66,1330.8,7582.24,246.93,7819.63
597,5-Jun-19,36.49,29.93,45.11,43.77,93.69,52.86,1328.9,7585.68,241.5,7704.34
598,4-Jun-19,34.09,28.39,44.16,42.98,91.59,52.89,1324.3,7413.94,252.51,8210.99
599,3-Jun-19,33.98,28.75,44.25,43.32,93.29,53.42,1307.0,7441.21,270.09,8741.75
600,31-May-19,34.28,27.57,44.18,43.11,90.9,56.46,1287.7,7470.95,256.02,8320.29
601,30-May-19,35.08,28.4,44.3,44.04,92.74,59.12,1279.4,7565.46,269.55,8661.76
602,29-May-19,35.35,29.0,43.35,43.2,92.76,59.07,1280.6,7553.02,271.78,8718.59
603,28-May-19,36.47,27.27,44.66,43.76,92.98,58.94,1276.5,7655.66,272.59,8802.76
604,24-May-19,37.02,26.61,44.59,42.46,92.67,58.21,1283.0,7675.57,245.99,7881.7
605,23-May-19,37.42,26.99,43.37,42.43,93.34,61.27,1284.8,7660.72,244.67,7677.27
606,22-May-19,38.38,27.12,44.15,42.94,94.84,62.64,1273.6,7749.8,255.0,7956.29
607,21-May-19,38.55,27.18,44.34,43.97,93.4,63.28,1272.0,7765.57,251.65,7977.97
608,20-May-19,38.14,26.98,44.0,45.65,95.44,63.53,1276.1,7714.06,261.27,8196.92
609,17-May-19,39.63,27.69,45.18,46.81,98.26,63.12,1280.0,7829.03,263.85,7886.93
610,16-May-19,39.84,27.37,45.47,46.27,96.74,62.12,1285.2,7832.58,246.94,8194.5
611,15-May-19,39.95,26.87,44.92,44.49,93.8,61.37,1296.9,7682.8,217.01,7989.37
612,14-May-19,40.01,26.53,45.18,43.7,90.92,60.86,1297.8,7689.66,196.74,7807.88
613,13-May-19,40.88,26.98,45.33,44.73,92.01,61.65,1286.7,7720.07,187.42,6971.18
614,10-May-19,42.24,27.03,46.44,46.56,93.03,61.64,1285.4,7881.31,170.31,6175.82
615,9-May-19,42.78,26.7,47.9,46.14,92.52,62.02,1278.9,7853.21,170.95,5982.32
616,8-May-19,43.0,26.41,50.2,47.05,99.11,61.44,1279.4,7946.24,169.9,5849.48
617,7-May-19,44.47,27.2,50.6,47.71,93.11,62.17,1280.5,8043.52,172.43,5745.6
618,6-May-19,43.88,26.72,50.25,46.03,91.1,61.43,1282.2,7981.85,163.34,5791.69
619,3-May-19,45.88,28.3,51.08,48.2,93.7,61.55,1270.1,8092.88,162.08,5505.55
620,2-May-19,45.22,26.94,50.8,48.78,95.25,63.61,1269.2,8046.48,160.85,5402.42
621,1-May-19,45.78,28.95,51.1,48.35,95.01,63.4,1278.7,8132.93,162.19,5350.91
622,30-Apr-19,44.51,27.59,51.0,48.41,94.49,63.58,1281.7,8104.91,155.17,5247.73
623,29-Apr-19,44.6,27.9,52.17,48.43,94.89,62.95,1284.8,8147.65,157.29,5284.86
624,26-Apr-19,45.18,27.66,52.74,47.48,93.46,65.13,1284.9,8100.28,154.58,5210.3
625,25-Apr-19,47.39,28.67,58.3,46.66,94.15,65.81,1280.6,8150.85,165.91,5466.52
626,24-Apr-19,47.77,28.1,58.52,46.45,94.9,66.17,1268.4,8122.88,171.35,5571.51
627,23-Apr-19,47.25,28.18,58.89,45.6,93.1,65.75,1266.4,8026.75,172.01,5399.37
628,22-Apr-19,46.34,27.62,58.15,45.24,92.75,64.0,1273.5,7969.37,170.02,5312.49
629,18-Apr-19,46.89,27.6,58.71,45.18,92.07,63.75,1270.8,7998.45,166.91,5251.48
630,17-Apr-19,47.4,28.21,58.44,45.17,94.46,64.32,1273.5,8044.97,167.55,5236.14
631,16-Apr-19,46.57,27.72,56.66,45.95,97.41,63.57,1285.2,8000.57,161.53,5066.58
632,15-Apr-19,47.42,27.8,56.46,47.27,100.55,63.76,1284.8,7987.16,167.9,5167.32
633,12-Apr-19,48.28,28.21,56.21,47.4,101.13,63.71,1293.4,7984.15,165.34,5061.2
634,11-Apr-19,48.05,27.81,55.76,48.06,100.0,64.48,1307.0,7975.2,177.34,5325.08
635,10-Apr-19,47.31,27.46,55.32,47.34,98.58,64.22,1304.0,7922.73,176.07,5204.11
636,9-Apr-19,47.61,28.24,55.35,47.19,97.54,64.4,1298.5,7924.77,180.22,5289.92
637,8-Apr-19,47.43,28.69,55.28,47.23,99.01,63.33,1292.2,7924.89,174.45,5199.84
638,5-Apr-19,47.5,29.64,55.75,47.08,98.5,62.18,1292.0,7914.51,158.02,4922.81
639,4-Apr-19,47.0,28.88,55.27,47.68,99.99,62.5,1290.6,7894.26,161.43,4971.31
640,3-Apr-19,46.25,28.02,55.03,47.75,100.91,62.64,1291.4,7891.18,164.01,4879.96
641,2-Apr-19,45.81,26.51,54.53,47.42,103.01,61.81,1286.3,7824.61,141.84,4156.92
642,1-Apr-19,45.81,26.42,54.34,46.5,103.03,60.24,1291.8,7800.24,141.47,4105.36
643,29-Mar-19,44.99,25.58,53.8,46.18,102.65,59.53,1289.6,7726.71,139.34,4068.3
644,28-Mar-19,44.39,25.1,53.25,45.34,100.71,59.4,1308.4,7660.07,141.01,4087.58
645,27-Mar-19,44.47,25.7,53.59,46.29,102.7,60.03,1309.9,7702.05,135.45,3984.24
646,26-Mar-19,44.87,26.69,53.32,47.28,102.66,59.12,1315.6,7700.0,135.05,3969.23
647,25-Mar-19,43.97,26.29,52.97,46.75,102.4,58.98,1320.7,7618.98,137.08,4024.11
648,22-Mar-19,45.71,27.54,54.4,48.31,104.43,59.87,1311.6,7800.25,136.56,4028.51
649,21-Mar-19,43.83,25.78,53.92,46.08,96.49,59.99,1306.1,7705.43,140.48,4083.95
650,20-Mar-19,44.22,26.49,54.06,46.37,97.44,59.02,1300.7,7721.95,140.48,4070.79
651,19-Mar-19,43.19,23.6,54.47,45.61,100.33,59.01,1306.9,7747.4,139.25,4032.69
652,18-Mar-19,42.77,23.3,54.42,44.93,99.16,58.45,1297.3,7696.38,140.1,4029.97
653,15-Mar-19,41.83,23.1,53.68,44.02,99.66,58.51,1300.9,7658.41,133.57,3926.66
654,14-Mar-19,42.25,23.37,54.3,43.73,100.22,58.35,1293.4,7644.79,133.2,3905.58
655,13-Mar-19,41.01,23.66,54.0,42.83,98.69,57.09,1307.5,7621.38,134.61,3913.05
656,12-Mar-19,40.56,23.1,53.34,43.07,99.4,56.76,1294.7,7571.85,134.01,3903.76
657,11-Mar-19,37.9,22.15,52.88,42.23,98.6,56.07,1291.0,7442.56,136.85,3953.74
658,8-Mar-19,36.42,21.35,51.97,41.01,97.96,56.43,1292.1,7334.35,138.31,3913.23
659,7-Mar-19,37.78,22.33,52.77,42.43,95.0,56.2,1281.0,7483.79,138.94,3903.38
660,6-Mar-19,39.04,23.47,53.63,41.95,95.32,56.28,1287.1,7575.38,137.96,3897.08
661,5-Mar-19,39.04,23.34,53.85,41.84,96.26,56.45,1287.0,7582.29,127.79,3759.83
662,4-Mar-19,39.5,23.89,53.75,43.06,98.31,55.83,1285.5,7636.62,132.16,3845.09
663,1-Mar-19,39.07,23.97,53.44,42.6,96.83,57.22,1312.2,7587.45,136.84,3853.76
664,28-Feb-19,38.75,23.21,52.92,41.78,97.96,57.0,1321.1,7533.31,136.28,3848.26
665,27-Feb-19,39.13,24.11,52.76,42.06,98.82,55.95,1327.7,7526.42,138.03,3857.48
666,26-Feb-19,39.63,24.65,53.01,41.82,95.65,55.46,1323.3,7535.29,139.65,3878.7
667,25-Feb-19,40.64,25.01,53.06,41.82,96.32,57.17,1329.2,7585.3,135.5,3807.0
668,22-Feb-19,39.47,24.05,52.7,42.0,97.06,56.84,1324.2,7481.63,146.07,3952.41
669,21-Feb-19,39.76,24.04,51.32,42.7,98.77,57.24,1331.3,7475.41,149.35,4000.26
670,20-Feb-19,39.46,24.14,51.63,44.67,102.43,55.94,1342.2,7490.31,145.17,3946.69
671,19-Feb-19,39.23,23.63,51.35,44.45,105.75,55.78,1320.9,7450.75,146.4,3911.66
672,15-Feb-19,40.74,23.58,51.25,45.47,107.4,54.48,1313.6,7468.57,121.45,3617.37
673,14-Feb-19,38.21,22.74,50.41,44.09,101.41,53.96,1305.0,7390.25,122.42,3631.17
674,13-Feb-19,38.09,22.98,50.13,42.93,104.56,53.35,1311.6,7437.46,122.54,3653.6
675,12-Feb-19,37.0,23.43,49.36,40.34,106.31,52.47,1310.0,7358.85,121.18,3642.75
676,11-Feb-19,36.6,23.05,49.02,43.8,102.16,52.66,1313.4,7327.37,124.87,3695.61
677,8-Feb-19,36.18,22.33,48.77,43.78,86.51,52.59,1309.5,7232.3,104.65,3401.38
678,7-Feb-19,37.78,22.99,49.5,43.21,79.9,53.94,1302.9,7316.5,104.84,3414.93
679,6-Feb-19,37.82,23.63,49.95,45.0,79.14,53.73,1312.5,7400.44,107.57,3469.09
680,5-Feb-19,37.42,23.42,49.18,46.93,89.06,54.86,1311.1,7356.34,107.63,3454.95
681,4-Feb-19,36.34,24.43,48.62,46.32,91.06,55.32,1318.1,7266.28,107.63,3467.21
682,1-Feb-19,36.13,24.61,47.06,47.19,92.2,54.01,1320.3,7256.37,107.15,3460.55
683,31-Jan-19,34.31,23.02,46.7,46.46,89.98,54.28,1320.0,7208.17,108.9,3485.41
684,30-Jan-19,33.67,21.49,46.68,46.18,87.62,53.24,1310.4,7094.79,105.41,3443.9
685,29-Jan-19,34.04,20.26,46.78,46.36,89.89,52.12,1308.2,7087.49,106.72,3468.87
686,28-Jan-19,34.14,20.32,46.13,47.0,89.45,53.56,1300.8,7075.01,113.29,3584.28
687,25-Jan-19,38.86,20.99,46.85,47.86,92.45,53.17,1297.4,7128.18,117.59,3607.39
688,24-Jan-19,38.17,20.06,48.7,45.94,89.36,52.45,1279.1,7042.25,117.46,3584.5
689,23-Jan-19,37.75,20.03,48.41,47.32,91.93,52.95,1281.7,7061.65,118.71,3605.56
690,22-Jan-19,38.93,20.48,48.96,48.17,91.68,53.73,1282.5,7109.57,117.11,3575.08
691,18-Jan-19,38.43,20.37,49.11,47.89,90.31,52.23,1281.3,7134.1,123.65,3677.99
692,17-Jan-19,36.88,19.49,48.0,46.95,87.95,52.3,1291.6,7010.13,123.57,3651.87
693,16-Jan-19,37.74,20.4,48.6,46.76,88.0,52.0,1291.6,7033.75,121.81,3631.51
694,15-Jan-19,37.94,20.44,48.71,47.33,88.96,50.78,1290.1,6931.39,129.17,3704.22
695,14-Jan-19,36.68,19.96,48.46,46.07,89.62,51.73,1292.4,6908.03,116.98,3557.31
696,11-Jan-19,36.08,19.47,48.1,46.38,90.67,52.28,1291.2,6947.46,127.81,3674.02
697,10-Jan-19,35.45,19.76,47.75,50.5,88.79,52.18,1284.7,6908.65,150.84,4034.41
698,9-Jan-19,35.47,20.89,47.96,50.37,89.81,49.8,1279.4,6923.06,150.55,4031.55
699,8-Jan-19,36.67,21.19,47.8,49.07,88.46,48.73,1280.5,6893.44,151.97,4028.47
700,7-Jan-19,34.63,19.44,47.1,47.24,84.89,48.3,1286.8,6757.53,157.81,4078.58
701,4-Jan-19,32.74,17.55,45.84,46.0,80.82,46.9,1294.2,6567.14,148.91,3832.04
702,3-Jan-19,33.45,18.42,46.15,46.44,79.45,46.26,1286.8,6584.77,155.2,3931.05
703,2-Jan-19,32.66,18.01,45.96,45.25,77.22,45.8,1286.0,6506.91,141.52,3849.22
704,31-Dec-18,33.85,18.15,47.09,47.04,80.0,45.22,1278.0,6649.52,140.03,3866.84
705,28-Dec-18,33.0,17.53,46.51,47.32,79.96,45.44,1273.5,6616.79,116.9,3653.13
706,27-Dec-18,32.75,17.43,45.62,45.71,77.11,46.58,1276.7,6457.19,131.92,3854.69
707,26-Dec-18,32.24,16.88,44.0,44.43,75.2,42.85,1269.3,6257.86,129.89,3819.67
708,24-Dec-18,31.62,16.52,44.63,45.35,75.76,44.55,1264.8,6278.49,130.64,4000.33
709,21-Dec-18,34.04,18.12,45.75,47.62,78.3,46.25,1260.3,6573.49,115.84,4133.7
710,20-Dec-18,34.54,18.11,45.41,46.18,77.68,47.39,1243.2,6607.76,101.09,3742.2
711,19-Dec-18,36.4,19.44,47.49,47.33,80.03,45.93,1255.8,6777.59,101.68,3706.82
712,18-Dec-18,36.34,19.15,47.47,47.75,79.68,49.16,1248.2,6809.82,95.11,3544.76
713,17-Dec-18,36.31,20.01,47.86,47.6,80.14,51.25,1239.3,6886.46,85.38,3253.12
714,14-Dec-18,36.8,19.58,47.89,47.47,79.82,52.83,1241.7,6986.37,86.63,3311.75
715,13-Dec-18,37.7,20.63,48.26,48.75,83.91,51.2,1243.5,7135.28,90.66,3487.88
716,12-Dec-18,37.1,20.32,48.58,49.05,84.32,51.95,1245.3,7127.0,88.61,3421.46
717,11-Dec-18,38.89,20.71,47.9,48.57,85.12,50.89,1245.8,7121.66,91.58,3497.55
718,10-Dec-18,36.45,19.35,46.28,47.23,82.34,52.03,1249.6,6959.63,94.99,3612.05
719,7-Dec-18,39.62,21.3,47.94,47.87,83.78,51.76,1238.3,7163.49,91.65,3512.59
720,6-Dec-18,37.86,20.22,46.8,46.25,79.94,52.93,1237.5,7017.05,102.45,3754.07
721,4-Dec-18,42.06,23.35,49.52,46.66,83.44,53.13,1231.0,7407.95,108.8,3886.29
722,3-Dec-18,43.15,22.48,50.0,51.0,85.81,52.45,1222.5,7486.13,116.38,4147.32
723,30-Nov-18,39.44,21.3,47.95,52.53,86.31,51.27,1224.1,7279.3,117.73,4289.09
724,29-Nov-18,40.0,21.19,48.49,50.64,85.09,50.31,1221.0,7267.37,122.72,4269.0
725,28-Nov-18,39.62,21.82,47.94,51.1,85.51,52.09,1211.5,7135.08,110.2,3822.47
726,27-Nov-18,38.0,19.77,46.94,50.61,84.68,51.54,1221.9,7041.23,107.91,3765.95
727,26-Nov-18,37.47,19.96,47.27,50.69,83.52,50.62,1220.2,7026.5,116.34,4015.07
728,23-Nov-18,35.83,18.61,46.69,50.46,83.82,52.004999999999995,1223.0,6919.52,126.42,4360.7
729,21-Nov-18,38.65,20.05,47.85,50.04,83.94,53.39,1225.8,6985.51,131.14,4465.54
730,20-Nov-18,33.51,17.4,47.4,47.77,80.82,57.39,1225.3,6867.43,148.81,4863.93
731,19-Nov-18,40.45,20.4,48.61,50.81,86.1,56.72,1223.1,7217.24,177.18,5620.78
732,16-Nov-18,40.83,19.87,47.77,53.06,87.45,56.58,1216.7,7193.6,180.87,5645.32
733,15-Nov-18,49.24,20.72,47.01,51.41,86.02,56.02,1212.8,7112.83,181.9,5736.15
734,14-Nov-18,51.58,20.18,47.85,53.19,88.24,55.27,1207.9,7265.39,206.53,6351.24
735,13-Nov-18,48.37,19.28,46.99,54.2,88.33,58.88,1196.3,7230.69,210.15,6373.19
736,12-Nov-18,50.49,20.68,47.71,55.0,88.6,60.7,1201.6,7364.05,211.51,6411.76
737,9-Nov-18,50.6,20.77,48.79,55.0,92.86,60.75,1207.9,7468.51,211.99,6442.6
738,8-Nov-18,52.85,21.77,48.49,65.37,94.01,61.64,1222.9,7544.17,217.33,6522.27
739,7-Nov-18,53.44,21.42,47.63,65.26,93.0,61.74,1228.6,7446.09,218.9,6468.5
740,6-Nov-18,52.86,19.5,47.8,64.32,92.69,62.7,1230.7,7326.07,209.47,6433.38
741,5-Nov-18,53.6,20.12,47.34,68.0,92.57,62.99,1230.6,7344.08,207.1,6363.62
742,2-Nov-18,54.43,20.59,48.13,69.95,95.29,63.5,1233.3,7424.02,198.98,6378.92
743,1-Nov-18,53.08,18.41,46.95,69.48,91.0,64.88,1215.4,7327.82,197.54,6318.14
744,31-Oct-18,52.41,17.87,48.29,68.67,92.0,66.32,1216.0,7276.62,197.65,6336.99
745,30-Oct-18,46.64,16.38,45.53,65.69,91.67,66.68,1227.7,7017.87,197.2,6337.04
746,29-Oct-18,51.0,18.21,46.5,70.34,95.78,67.55,1224.5,7272.42,205.17,6492.35
747,26-Oct-18,49.58,18.49,45.59,68.25,95.93,66.95,1234.3,7125.18,202.34,6468.44
748,25-Oct-18,48.87,17.92,43.54,68.02,97.86,66.36,1238.6,7197.49,203.87,6484.65
749,24-Oct-18,54.88,25.04,44.16,69.13,98.81,66.17,1231.6,7423.21,204.13,6478.89
750,23-Oct-18,55.11,24.18,44.18,67.79,99.41,69.55,1224.8,7328.55,204.02,6472.36
751,22-Oct-18,57.82,24.46,44.5,70.1,102.81,69.41,1224.5,7486.74,205.17,6486.05
752,19-Oct-18,60.44,27.03,45.02,72.2,106.3,68.68,1225.3,7530.16,203.26,6478.07
753,18-Oct-18,61.47,27.08,45.65,73.97,107.34,70.03,1226.5,7616.47,207.4,6542.33
754,17-Oct-18,62.08,28.41,46.0,77.35,107.76,72.17,1225.9,7669.26,210.22,6590.52
755,16-Oct-18,59.98,26.63,44.9,76.48,106.76,71.72,1227.1,7501.78,209.63,6601.41
756,15-Oct-18,61.5,26.38,44.63,75.54,105.45,71.85,1222.4,7473.33,195.27,6292.64
757,12-Oct-18,61.38,26.77,45.27,78.4,106.96,70.99,1221.6,7507.84,188.71,6239.25
758,11-Oct-18,60.54,24.74,45.15,73.8,104.45,72.68,1198.1,7388.07,225.61,6586.74
759,10-Oct-18,65.32,27.38,46.06,77.47,108.67,74.66,1189.3,7694.08,227.62,6640.29
760,9-Oct-18,66.24,26.15,47.18,76.88,110.8,74.21,1185.6,7728.51,229.71,6653.08
761,8-Oct-18,66.63,26.73,46.96,79.02,112.82,74.4,1201.0,7747.1,226.51,6600.19
762,5-Oct-18,69.57,28.07,48.23,80.25,114.4,74.67,1197.1,7874.76,222.27,6574.15
763,4-Oct-18,71.32,27.99,48.84,82.5,116.39,76.18,1199.3,7993.33,220.45,6497.91
764,3-Oct-18,72.33,29.04,48.62,83.82,117.49,75.12,1202.6,8034.65,226.41,6553.86
765,2-Oct-18,72.06,30.73,47.51,83.02,117.5,75.42,1193.0,8024.47,231.1,6593.24
766,1-Oct-18,71.04,30.69,46.79,84.18,121.15,73.29,1191.6,8091.5,233.22,6619.85
767,28-Sep-18,68.18,32.24,45.62,82.76,119.09,72.18,1181.7,8024.5,229.04,6678.75
768,27-Sep-18,67.08,31.86,45.91,81.94,118.4,72.01,1194.6,8021.22,215.44,6495.29
769,26-Sep-18,67.15,32.4,46.04,81.11,116.87,72.09,1194.0,8011.68,218.65,6452.79
770,25-Sep-18,67.09,33.18,46.22,80.92,115.21,72.25,1202.1,8001.59,228.33,6603.64
771,24-Sep-18,65.55,31.13,46.31,79.7,114.72,71.14,1199.3,7939.38,244.84,6704.77
772,21-Sep-18,66.69,31.19,47.12,81.33,114.12,70.2,1196.2,8041.69,225.25,6513.87
773,20-Sep-18,66.76,32.1,46.78,79.91,113.42,71.39,1206.2,7993.53,210.29,6398.85
774,19-Sep-18,67.57,31.52,46.09,79.93,112.99,69.71,1202.2,7962.55,209.47,6371.85
775,18-Sep-18,68.52,32.99,45.58,78.82,112.83,68.8,1198.7,7903.57,197.1,6280.91
776,17-Sep-18,68.85,31.75,45.29,81.49,114.38,68.93,1199.7,7992.21,221.58,6514.06
777,14-Sep-18,68.75,31.43,45.78,80.5,114.41,68.79,1195.0,8026.16,212.67,6515.41
778,13-Sep-18,67.71,33.16,45.68,80.59,113.75,70.24,1203.4,7999.93,183.68,6354.24
779,12-Sep-18,67.8,29.91,44.56,79.7,112.01,69.89,1205.0,7958.87,185.42,6317.01
780,11-Sep-18,68.21,30.02,46.0,74.88,112.29,67.53,1190.4,7894.87,198.18,6331.88
781,10-Sep-18,68.19,28.15,46.56,73.88,115.25,67.82,1193.0,7939.57,197.85,6301.57
782,7-Sep-18,67.25,26.96,46.91,71.83,112.74,67.88,1198.3,7878.79,229.54,6528.92
783,6-Sep-18,69.44,28.12,47.76,71.63,111.85,68.64,1202.0,7998.27,231.65,6755.14
784,5-Sep-18,70.75,29.41,47.75,72.93,112.98,69.43,1192.5,8073.53,286.05,7361.46
785,4-Sep-18,70.04,25.62,48.38,72.13,113.72,70.12,1193.8,8087.95,289.3,7263.0
786,31-Aug-18,69.25,24.89,47.96,71.52,115.13,70.06,1207.1,8079.31,284.12,6973.97
787,30-Aug-18,69.31,25.29,48.52,74.4,120.6,69.71,1205.4,8094.2,289.75,7043.76
788,29-Aug-18,68.48,24.36,48.7,73.94,127.56,68.54,1205.2,8044.34,296.16,7091.71
789,28-Aug-18,68.92,25.51,48.55,74.25,129.61,68.93,1209.7,8039.01,286.65,6891.08
790,27-Aug-18,68.36,24.94,48.0,74.87,130.29,68.57,1210.3,7989.64,275.35,6710.8
791,24-Aug-18,66.79,22.91,47.29,71.71,126.89,67.9,1185.3,7907.81,278.11,6551.52
792,23-Aug-18,65.32,21.19,46.86,71.56,127.63,68.07,1189.3,7886.47,271.75,6371.34
793,22-Aug-18,63.0,20.28,47.25,69.58,126.06,66.08,1194.7,7844.04,281.97,6486.25
794,21-Aug-18,62.13,19.98,46.66,69.27,128.54,66.62,1189.8,7840.09,273.33,6301.07
795,20-Aug-18,60.79,19.79,47.05,69.21,127.08,65.91,1184.8,7834.37,301.38,6500.51
796,17-Aug-18,63.24,19.12,47.0,69.51,128.81,65.47,1174.7,7786.64,287.68,6340.91
797,16-Aug-18,65.47,19.86,47.75,69.68,129.97,64.95,1173.2,7826.95,282.74,6294.23
798,15-Aug-18,65.57,19.86,47.78,70.39,129.82,66.62,1187.8,7810.02,280.39,6221.42
799,14-Aug-18,65.1,19.97,48.67,71.05,131.0,67.42,1193.1,7847.88,286.36,6287.66
800,13-Aug-18,63.78,19.16,48.92,70.61,131.41,67.78,1207.0,7848.0,320.21,6341.36
801,10-Aug-18,63.29,19.09,48.51,70.1,128.2,66.74,1212.5,7834.71,365.78,6571.42
802,9-Aug-18,64.79,19.58,49.86,70.02,128.5,66.79,1214.5,7886.52,356.97,6305.56
803,8-Aug-18,64.25,19.46,49.6,70.07,128.13,69.09,1212.0,7880.0,379.89,6746.85
804,7-Aug-18,64.0,19.53,49.43,70.57,130.16,68.9,1207.8,7878.62,406.8,6958.32
805,6-Aug-18,62.9,18.89,48.77,71.16,130.02,68.65,1214.4,7809.54,410.57,7062.94
806,3-Aug-18,62.9,18.94,49.5,74.5,131.01,68.99,1206.5,7819.23,412.57,7562.14
807,2-Aug-18,60.9,18.17,48.5,73.65,126.77,67.86,1214.7,7659.52,420.81,7634.19
808,1-Aug-18,61.53,18.34,48.06,73.77,130.25,68.43,1222.9,7701.82,433.87,7769.04
809,31-Jul-18,60.93,19.35,48.24,72.91,127.45,70.05,1220.4,7654.59,457.24,8181.2
810,30-Jul-18,63.15,19.4,47.63,75.37,133.45,69.01,1222.5,7735.27,466.83,8221.58
811,27-Jul-18,64.08,19.07,48.76,77.08,134.94,69.58,1222.6,7889.75,464.01,7950.4
812,26-Jul-18,62.76,17.16,52.45,79.39,148.0,69.38,1227.8,7848.04,472.33,8176.85
813,25-Jul-18,62.27,16.3,52.21,78.6,144.91,68.77,1231.4,7839.09,479.91,8379.66
814,24-Jul-18,62.84,16.75,52.76,80.1,147.5,67.8,1223.9,7914.35,451.14,7716.51
815,23-Jul-18,62.46,16.47,51.77,79.5,146.51,68.17,1222.0,7806.93,459.44,7414.71
816,20-Jul-18,62.98,16.66,51.83,80.94,148.19,69.39,1229.5,7843.08,469.31,7467.4
817,19-Jul-18,62.74,16.71,51.6,81.02,148.12,69.0,1227.2,7829.8,480.63,7378.2
818,18-Jul-18,63.35,16.94,51.87,80.75,149.06,67.61,1226.7,7859.43,500.84,7315.32
819,17-Jul-18,61.55,16.5,51.05,79.16,145.6,68.03,1225.7,7751.97,480.08,6739.65
820,16-Jul-18,62.05,16.42,52.15,81.61,148.95,70.52,1242.7,7831.74,450.42,6357.01
821,13-Jul-18,62.99,16.68,52.4,81.4,148.7,70.38,1244.7,7827.62,430.74,6235.03
822,12-Jul-18,62.34,16.41,52.05,79.29,146.93,70.6,1240.9,7752.71,446.5,6396.78
823,11-Jul-18,62.38,16.15,51.69,75.35,143.04,74.2,1253.2,7698.51,434.52,6330.77
824,10-Jul-18,62.44,16.59,52.1,77.0,144.41,74.04,1256.2,7770.63,476.16,6739.21
825,9-Jul-18,62.58,16.73,51.64,77.7,145.55,73.87,1258.2,7731.74,488.88,6775.08
826,6-Jul-18,60.44,15.52,50.77,76.2,143.06,73.16,1255.5,7595.93,474.36,6638.69
827,5-Jul-18,59.77,15.13,49.98,76.51,142.58,74.35,1255.5,7550.66,467.29,6599.71
828,3-Jul-18,60.91,15.21,50.58,77.68,143.78,73.985,1252.7,7593.63,475.39,6596.66
829,2-Jul-18,58.52,14.8,49.04,75.36,140.49,73.62,1249.9,7451.9,453.82,6380.38
830,29-Jun-18,60.87,15.41,49.53,76.44,141.76,73.33,1250.3,7544.13,422.59,5898.13
831,28-Jun-18,58.83,14.85,48.58,74.0,138.18,72.27,1251.7,7438.11,442.29,6153.16
832,27-Jun-18,60.94,15.65,49.34,75.77,140.73,70.68,1255.5,7586.33,432.24,6084.4
833,26-Jun-18,60.92,15.32,49.95,75.32,141.45,68.21,1267.2,7553.74,460.73,6253.55
834,25-Jun-18,61.66,15.64,51.17,75.19,140.73,68.75,1270.6,7631.12,455.94,6171.97
835,22-Jun-18,64.49,15.78,52.62,76.46,145.5,65.93,1268.1,7739.69,527.19,6737.88
836,21-Jun-18,65.9,16.65,54.38,77.17,144.13,65.34,1262.7,7800.3,536.45,6780.09
837,20-Jun-18,65.46,16.83,53.19,77.25,143.61,65.11,1274.4,7764.15,538.51,6770.76
838,19-Jun-18,65.23,16.85,52.14,76.64,143.13,65.82,1278.7,7658.47,519.02,6742.39
839,18-Jun-18,65.87,16.18,54.3,77.02,145.5,64.4,1280.7,7692.96,499.38,6510.07
840,15-Jun-18,66.15,16.06,55.17,77.66,144.29,66.62,1297.2,7725.03,520.48,6674.08
841,14-Jun-18,66.06,16.62,55.45,76.83,143.6,66.62,1297.2,7723.53,478.38,6342.75
842,13-Jun-18,65.66,15.81,54.98,76.04,140.86,66.01,1294.0,7713.9,498.02,6596.88
843,12-Jun-18,65.42,15.84,54.87,75.23,139.0,66.05,1297.8,7673.87,532.71,6905.82
844,11-Jun-18,65.44,15.21,54.8,74.25,139.08,65.56,1299.3,7647.24,524.86,6799.29
845,8-Jun-18,64.99,14.52,55.56,73.45,136.71,65.98,1295.3,7607.74,605.44,7685.14
846,7-Jun-18,66.25,15.83,56.92,74.79,137.42,65.07,1298.4,7697.41,607.69,7650.82
847,6-Jun-18,65.36,15.07,56.53,73.26,137.81,65.51,1296.1,7652.8,610.26,7625.97
848,5-Jun-18,66.25,14.85,56.9,72.79,135.32,64.94,1292.1,7621.36,593.41,7500.9
849,4-Jun-18,64.75,14.76,57.01,73.25,135.7,65.71,1293.9,7570.08,619.44,7722.53
850,1-Jun-18,63.5,13.98,55.84,71.42,132.08,67.07,1298.6,7487.66,578.67,7500.7
851,31-May-18,62.92,13.74,55.67,70.83,131.84,68.24,1301.0,7455.58,558.5,7406.15
852,30-May-18,62.49,13.48,55.89,70.92,132.15,66.85,1298.0,7428.41,566.83,7469.73
853,29-May-18,62.14,13.45,55.12,70.8,130.71,66.49,1298.7,7398.51,516.15,7129.46
854,25-May-18,62.05,13.4,54.8,70.66,131.77,70.65,1303.3,7422.2,602.14,7592.3
855,24-May-18,61.85,13.06,55.18,71.75,133.49,71.83,1303.7,7421.99,584.54,7561.12
856,23-May-18,60.07,12.93,54.0,70.73,131.28,72.11,1289.3,7335.03,646.67,8037.08
857,22-May-18,61.19,13.0,54.73,71.95,133.15,72.53,1291.7,7420.85,700.18,8419.87
858,21-May-18,62.47,13.25,54.36,72.5,132.71,71.47,1287.4,7406.34,717.19,8522.33
859,18-May-18,62.45,13.06,54.53,71.52,130.74,71.6,1285.2,7364.34,672.1,8091.83
860,17-May-18,61.52,12.79,54.55,70.3,129.91,71.56,1291.3,7379.58,708.72,8370.05
861,16-May-18,61.0,12.64,54.17,71.13,130.36,71.02,1290.9,7356.22,708.09,8504.41
862,15-May-18,63.2,12.18,54.58,70.98,131.79,71.15,1304.6,7361.3,731.14,8705.19
863,14-May-18,64.02,12.14,54.77,71.87,133.07,70.54,1319.9,7429.45,732.73,8713.1
864,11-May-18,63.19,11.89,54.62,72.77,133.3,71.45,1319.0,7393.97,727.01,9052.96
865,10-May-18,64.48,11.98,54.55,71.78,130.94,71.23,1312.2,7355.9,752.58,9325.96
866,9-May-18,62.8,11.65,53.76,69.98,127.99,70.05,1311.3,7281.53,752.9,9223.73
867,8-May-18,62.17,11.49,53.29,69.66,123.29,70.03,1310.1,7255.34,755.01,9380.87
868,7-May-18,60.82,11.32,52.86,70.27,124.7,69.85,1310.6,7241.82,793.34,9645.67
869,4-May-18,57.96,10.88,51.62,66.3,119.12,68.5,1312.7,7065.67,776.78,9695.5
870,3-May-18,56.9,10.9,51.89,68.49,118.18,67.68,1310.7,7065.03,686.59,9233.97
871,2-May-18,56.75,11.1,53.09,67.94,119.79,67.49,1309.0,7138.45,674.08,9104.6
872,1-May-18,56.14,10.83,51.64,66.15,118.06,68.56,1313.2,7053.65,670.46,9251.47
873,30-Apr-18,56.75,11.06,52.56,65.86,117.64,68.15,1309.6,7133.95,689.76,9426.11
874,27-Apr-18,57.38,11.2,55.44,66.69,119.0,68.21,1315.3,7195.52,662.11,9290.63
875,26-Apr-18,55.8,10.87,52.26,65.26,116.52,68.03,1315.7,7080.49,618.08,8867.32
876,25-Apr-18,55.0,10.06,51.86,65.38,118.31,67.75,1324.0,7009.99,707.06,9701.03
877,24-Apr-18,56.23,10.19,51.87,66.62,119.95,68.95,1326.4,7160.77,643.4,8934.34
878,23-Apr-18,57.36,10.09,51.69,66.6,122.39,68.22,1334.0,7173.99,621.2,8794.39
879,20-Apr-18,57.17,10.05,52.17,67.44,122.54,68.26,1342.5,7220.64,567.99,8286.88
880,19-Apr-18,57.94,10.18,52.95,68.25,124.09,68.75,1348.6,7258.61,524.04,8159.27
881,18-Apr-18,58.88,10.51,53.52,68.75,124.67,66.68,1343.5,7292.38,503.31,7944.43
882,17-Apr-18,58.4,10.28,52.91,67.25,123.02,66.42,1348.0,7215.12,511.14,8071.66
883,16-Apr-18,57.94,10.0,52.29,66.53,121.42,67.24,1341.0,7153.87,532.07,8337.57
884,13-Apr-18,59.29,10.2,53.06,67.46,122.01,67.18,1335.9,7179.62,493.16,7901.09
885,12-Apr-18,57.5,9.98,51.49,66.25,119.96,66.75,1351.2,7112.02,430.16,6955.38
886,11-Apr-18,56.83,9.87,50.99,65.8,119.72,65.59,1340.1,7055.0,415.02,6843.47
887,10-Apr-18,56.18,9.75,51.12,66.96,120.37,63.3,1335.2,7060.99,399.41,6795.44
888,9-Apr-18,54.2,9.75,49.16,65.16,119.19,62.0,1333.0,6971.45,400.86,7044.32
889,6-Apr-18,54.31,9.83,49.79,65.85,120.06,63.7,1326.5,6999.57,382.73,6815.96
890,5-Apr-18,57.15,10.05,50.01,67.2,121.52,63.6,1333.5,7099.25,379.95,6848.65
891,4-Apr-18,53.75,9.08,48.1,63.96,116.71,63.59,1331.8,6811.77,416.48,7456.41
892,3-Apr-18,56.95,9.63,49.0,65.39,119.87,62.89,1340.4,6924.35,387.31,7102.26
893,2-Apr-18,57.19,9.99,51.69,66.8,120.48,64.91,1327.0,7016.17,379.7,6844.86
894,29-Mar-18,56.03,9.94,49.98,66.34,120.37,64.69,1324.0,6984.66,448.08,7979.07
895,28-Mar-18,56.03,9.99,50.5,65.93,120.26,64.7,1345.0,6978.3,450.29,7836.83
896,27-Mar-18,61.94,10.51,53.01,70.67,126.37,65.53,1341.0,7255.47,489.59,8200.0
897,26-Mar-18,59.5,10.71,50.74,69.43,124.24,65.9,1348.5,7125.2,524.29,8498.47
898,23-Mar-18,60.6,10.91,50.59,69.86,123.2,64.28,1343.2,7170.68,539.86,8736.25
899,22-Mar-18,61.5,11.1,50.74,70.63,124.83,65.5,1326.6,7257.55,562.1,8939.44
900,21-Mar-18,62.33,11.16,51.55,71.2,126.52,63.72,1312.4,7347.5,559.1,8937.48
901,20-Mar-18,60.28,11.41,50.88,71.34,125.77,62.1,1311.1,7353.25,556.72,8619.67
902,19-Mar-18,62.04,11.41,50.74,71.0,127.53,62.23,1309.4,7419.2,546.63,8344.12
903,16-Mar-18,62.5,11.49,51.17,73.87,130.35,61.19,1310.1,7504.37,611.78,8322.91
904,15-Mar-18,62.32,11.43,52.23,72.99,128.19,60.95,1316.8,7509.24,614.84,8290.76
905,14-Mar-18,62.36,11.7,52.06,76.35,126.89,60.87,1322.2,7539.78,691.22,9214.65
906,13-Mar-18,62.87,11.5,52.52,77.49,129.05,61.37,1325.9,7627.52,698.15,9173.04
907,12-Mar-18,61.75,11.76,51.86,79.24,128.56,62.1,1319.4,7581.04,724.41,9602.93
908,9-Mar-18,60.78,12.03,51.27,76.86,129.97,60.27,1316.8,7475.98,702.2,9414.69
909,8-Mar-18,60.74,12.4,51.79,74.51,127.38,61.33,1324.8,7422.77,752.57,9951.44
910,7-Mar-18,59.5,11.58,50.18,73.38,123.63,62.3,1338.1,7311.74,816.27,10803.9
911,6-Mar-18,59.78,12.01,50.16,75.4,126.48,62.58,1321.6,7366.61,853.82,11500.1
912,5-Mar-18,58.63,11.69,48.57,73.66,124.16,61.55,1323.5,7222.89,866.85,11532.4
913,2-Mar-18,56.97,11.67,47.2,71.22,120.94,61.34,1314.3,7099.54,871.76,10977.4
914,1-Mar-18,60.48,12.26,49.5,73.16,124.54,61.55,1310.4,7274.75,856.01,10385.0
915,28-Feb-18,61.63,12.66,50.18,73.15,126.51,62.79,1315.4,7371.41,877.93,10687.2
916,27-Feb-18,61.38,12.43,49.37,73.05,128.06,64.06,1331.7,7416.17,870.36,10393.9
917,26-Feb-18,61.95,12.14,48.2,72.68,127.39,63.6,1335.0,7373.3,845.28,9669.43
918,23-Feb-18,61.14,11.95,46.34,69.95,125.1,62.6,1328.0,7261.35,811.59,9937.07
919,22-Feb-18,60.68,11.82,46.14,70.06,125.79,61.34,1322.0,7252.46,849.26,10660.4
920,21-Feb-18,62.92,12.12,46.67,70.9,126.61,61.63,1326.8,7258.48,894.14,11372.2
921,20-Feb-18,61.19,11.72,45.46,69.97,125.37,61.63,1348.4,7209.03,943.57,11231.8
922,16-Feb-18,61.35,12.11,45.82,71.96,126.43,61.45,1354.0,7236.51,934.79,10135.7
923,15-Feb-18,61.2,12.4,45.88,70.0,124.83,60.71,1352.0,7200.75,923.73,9488.32
924,14-Feb-18,57.75,11.72,44.07,67.21,121.23,58.98,1332.8,6979.24,844.28,8599.92
925,13-Feb-18,56.64,11.6,44.59,67.96,120.85,59.35,1324.5,6942.16,869.29,8926.72
926,12-Feb-18,58.84,11.47,44.15,67.16,121.78,59.12,1323.8,6936.68,817.51,8141.43
927,9-Feb-18,59.56,11.54,43.5,66.99,117.96,60.43,1320.9,6863.34,818.48,8271.84
928,8-Feb-18,58.47,11.72,45.28,69.63,123.0,61.7,1317.1,7067.3,755.84,7637.86
929,7-Feb-18,57.4,11.7,44.58,69.62,122.86,63.92,1325.4,7086.2,790.43,7755.49
930,6-Feb-18,51.1,11.04,44.02,66.0,118.86,63.43,1338.2,6837.56,707.74,7051.75
931,5-Feb-18,56.75,12.05,46.35,70.54,123.73,65.1,1331.1,7165.96,834.96,8270.54
932,2-Feb-18,59.25,13.05,47.32,72.66,127.68,65.99,1348.5,7347.59,1035.77,9142.28
933,1-Feb-18,59.63,13.62,47.7,73.48,126.75,64.76,1343.8,7377.17,1119.37,10237.3
934,31-Jan-18,61.44,13.24,49.23,72.96,129.55,64.03,1337.5,7443.25,1071.09,10108.2
935,30-Jan-18,60.28,13.12,49.48,71.44,116.4,65.53,1338.7,7388.89,1184.13,11306.8
936,29-Jan-18,60.69,13.13,49.6,72.5,115.21,66.18,1345.15,7484.47,1246.7,11755.5
937,26-Jan-18,59.53,12.7,48.38,71.34,115.33,65.25,1351.6,7448.33,1052.7,11256.0
938,25-Jan-18,59.5,12.78,45.88,70.6,115.7,65.88,1356.3,7457.95,1063.22,11421.7
939,24-Jan-18,59.76,13.02,45.9,71.66,118.41,64.42,1355.9,7474.16,987.48,10903.4
940,23-Jan-18,58.96,12.82,45.81,71.32,117.88,63.88,1335.8,7424.95,1004.17,10944.5
941,22-Jan-18,57.61,12.61,44.8,70.45,116.32,63.61,1328.4,7338.04,1055.35,11633.1
942,19-Jan-18,57.02,12.56,44.62,70.22,115.35,63.74,1330.1,7312.0,1028.82,11429.8
943,18-Jan-18,55.99,12.18,44.4,70.11,114.05,64.07,1328.9,7293.65,1016.44,11198.8
944,17-Jan-18,55.17,11.9,43.55,69.97,113.0,63.89,1334.4,7257.77,1061.34,11431.1
945,16-Jan-18,56.01,12.05,43.55,70.92,114.0,64.43,1331.1,7307.19,1292.63,13836.1
946,12-Jan-18,55.9,11.82,43.45,69.7,110.49,63.57,1327.8,7208.17,1158.29,13453.9
947,11-Jan-18,56.25,12.07,42.8,68.29,112.56,63.5,1317.1,7168.73,1268.09,14968.2
948,10-Jan-18,54.55,11.63,43.33,65.93,111.5,63.41,1320.3,7129.83,1300.34,14588.5
949,9-Jan-18,55.56,12.0,44.7,66.75,113.33,61.92,1309.6,7174.19,1146.0,15123.7
950,8-Jan-18,55.1,12.01,44.27,66.49,113.5,61.61,1319.9,7135.38,1158.26,16476.2
951,5-Jan-18,53.55,12.19,44.43,64.88,108.02,61.9,1320.3,7105.74,975.75,15477.2
952,4-Jan-18,53.94,12.1,43.52,65.75,109.87,61.96,1319.4,7089.5,961.71,15270.7
953,3-Jan-18,51.03,11.61,45.47,64.55,109.75,60.39,1320.0,7017.07,886.0,14978.2
954,2-Jan-18,48.94,10.42,46.38,63.54,106.15,60.2,1302.3,6937.65,772.35,13625.0
955,29-Dec-17,49.62,10.57,46.21,63.59,105.29,59.91,1294.2,6952.61,740.39,14695.8
956,28-Dec-17,49.53,10.57,46.36,63.34,105.29,59.53,1288.2,6953.38,762.21,15864.1
957,27-Dec-17,49.22,10.45,46.11,63.67,105.4,59.79,1284.0,6941.45,774.97,16163.5
958,26-Dec-17,48.26,10.38,46.28,64.24,105.66,58.4,1282.4,6928.92,763.37,14036.6
959,22-Dec-17,48.6,10.75,46.33,64.86,108.31,58.21,1266.3,6958.02,822.64,15898.0
960,21-Dec-17,49.24,10.98,47.54,64.51,107.88,58.02,1266.4,6972.88,820.24,16642.4
961,20-Dec-17,49.42,11.1,47.47,65.31,107.5,57.66,1261.3,6991.25,827.52,17760.3
962,19-Dec-17,49.38,11.0,46.3,66.1,107.42,57.3,1261.1,6991.25,793.9,19118.3
963,18-Dec-17,48.3,10.6,45.15,67.08,109.89,57.37,1256.2,6980.4,721.73,19106.4
964,15-Dec-17,47.06,10.13,43.4,65.47,107.77,57.15,1253.1,6871.55,696.38,16601.3
965,14-Dec-17,46.48,10.1,43.43,64.7,105.2,56.7,1252.9,6887.38,700.59,16384.6
966,13-Dec-17,48.13,9.97,43.65,64.85,107.71,57.45,1241.9,6880.41,644.91,17500.0
967,12-Dec-17,48.22,10.13,43.47,64.11,108.0,58.02,1241.3,6872.71,522.29,16919.8
968,11-Dec-17,48.01,9.97,43.28,62.14,105.61,57.25,1248.4,6847.64,440.36,15427.4
969,8-Dec-17,48.5,10.15,43.35,62.26,104.49,56.65,1246.3,6859.95,434.99,17802.9
970,7-Dec-17,47.99,10.07,43.46,60.8,103.23,56.0,1262.3,6785.74,426.37,14266.1
971,6-Dec-17,46.42,9.9,43.14,59.48,102.96,57.45,1264.9,6742.07,462.6,11923.4
972,5-Dec-17,45.6,9.89,44.6,57.64,100.55,57.48,1275.4,6759.14,470.29,11685.7
973,4-Dec-17,50.01,10.85,45.02,62.39,105.53,58.32,1272.5,6897.13,466.05,11315.4
974,1-Dec-17,49.83,10.81,44.73,61.96,105.86,57.42,1274.1,6844.04,445.21,10198.6
975,30-Nov-17,49.8,10.87,44.36,62.55,106.11,57.41,1283.1,6852.8,431.21,9906.79
976,29-Nov-17,52.5,11.08,44.85,65.61,109.21,57.73,1293.4,6907.28,473.28,10077.4
977,28-Nov-17,53.59,11.45,44.65,66.02,106.99,57.86,1294.7,6893.72,480.52,9823.43
978,27-Nov-17,54.33,11.34,44.42,66.18,107.86,58.95,1293.8,6889.91,471.53,9352.72
979,24-Nov-17,53.9,11.38,44.55,65.18,107.66,58.035,1289.25,6878.11,412.5,8074.02
980,22-Nov-17,54.25,11.41,44.94,64.91,108.04,57.12,1284.7,6869.53,360.31,8077.95
981,21-Nov-17,53.92,11.42,44.72,64.49,107.78,56.38,1281.1,6820.55,367.44,8205.74
982,20-Nov-17,53.0,11.47,44.73,63.93,108.28,56.69,1274.6,6789.28,354.09,8039.07
983,17-Nov-17,53.48,11.3,45.5,64.0,108.99,55.25,1288.3,6794.45,330.17,7853.57
984,16-Nov-17,53.24,11.13,45.63,63.13,111.85,55.3,1277.5,6742.34,333.44,7323.24
985,15-Nov-17,52.99,11.01,45.39,63.43,112.72,55.06,1281.4,6700.68,337.96,6634.76
986,14-Nov-17,53.25,11.03,45.7,63.37,110.6,56.72,1276.9,6733.87,316.76,6561.48
987,13-Nov-17,54.03,11.18,45.26,62.72,112.0,56.9,1277.3,6727.39,307.02,5938.25
988,10-Nov-17,53.27,11.22,46.04,62.87,111.26,57.02,1283.5,6736.39,320.67,7173.73
989,9-Nov-17,51.32,11.25,46.05,63.49,112.99,56.85,1279.7,6737.45,308.64,7446.83
990,8-Nov-17,52.96,11.94,46.62,62.5,112.45,56.96,1275.9,6764.85,294.27,7141.38
991,7-Nov-17,52.64,11.94,46.7,61.09,112.29,57.27,1276.8,6785.44,298.57,7023.1
992,6-Nov-17,51.8,12.04,46.6,63.41,112.99,55.97,1269.0,6763.3,296.43,7403.22
993,3-Nov-17,51.8,10.95,47.2,66.87,113.47,54.73,1265.3,6737.09,288.5,7087.53
994,2-Nov-17,51.5,10.87,46.61,65.41,114.35,54.28,1274.9,6709.39,290.73,6777.77
995,1-Nov-17,52.34,11.25,45.97,65.69,116.0,54.65,1272.2,6758.64,305.76,6440.97
996,31-Oct-17,51.28,10.76,45.2,65.34,118.13,54.08,1273.1,6713.71,307.38,6132.02
997,30-Oct-17,50.47,11.26,44.48,64.33,117.13,54.16,1270.0,6693.77,304.78,6114.85
998,27-Oct-17,49.45,12.17,43.3,62.36,116.83,52.8,1268.4,6635.03,296.51,5899.74
999,26-Oct-17,48.69,12.45,40.91,62.27,115.07,52.19,1273.5,6567.59,298.02,5747.95
